CustomerId,CustomerName,Email,Gender,Region
7,jessy,jessy@gmail.com,male,WESTIND
10,lora,user10@gmail.com,male,WESTIND
11,lora,user11@gmail.com,female,WESTIND
25,lora,user25@gmail.com,female,WESTIND
28,Ravi,user28@gmail.com,female,WESTIND
31,hari,user31@gmail.com,female,WESTIND
35,lora,user35@gmail.com,female,WESTIND
36,Ravi,user36@gmail.com,female,WESTIND
42,laila,user42@gmail.com,male,WESTIND
43,jessy,user43@gmail.com,male,WESTIND
47,jack,user47@gmail.com,female,WESTIND
52,meena,user52@gmail.com,female,WESTIND
58,lora,user58@gmail.com,male,WESTIND
64,Ravi,user64@gmail.com,female,WESTIND
65,Ravi,user65@gmail.com,male,WESTIND
83,laila,user83@gmail.com,male,WESTIND
90,Ravi,user90@gmail.com,female,WESTIND
91,jessy,user91@gmail.com,male,WESTIND
92,lora,user92@gmail.com,female,WESTIND
101,meena,user101@gmail.com,female,WESTIND
104,meena,user104@gmail.com,male,WESTIND
106,Ravi,user106@gmail.com,female,WESTIND
124,jack,user124@gmail.com,male,WESTIND
133,arjun,user133@gmail.com,male,WESTIND
134,meena,user134@gmail.com,female,WESTIND
159,jack,user159@gmail.com,male,WESTIND
163,indra,user163@gmail.com,female,WESTIND
174,jessy,user174@gmail.com,female,WESTIND
179,Ravi,user179@gmail.com,female,WESTIND
185,meena,user185@gmail.com,female,WESTIND
186,laila,user186@gmail.com,female,WESTIND
191,jessy,user191@gmail.com,male,WESTIND
197,jessy,user197@gmail.com,male,WESTIND
199,arjun,user199@gmail.com,female,WESTIND
208,hari,user208@gmail.com,male,WESTIND
214,laila,user214@gmail.com,female,WESTIND
220,laila,user220@gmail.com,female,WESTIND
230,jack,user230@gmail.com,male,WESTIND
236,indra,user236@gmail.com,female,WESTIND
237,Ravi,user237@gmail.com,female,WESTIND
238,meena,user238@gmail.com,female,WESTIND
239,jessy,user239@gmail.com,male,WESTIND
245,jack,user245@gmail.com,female,WESTIND
260,kali,user260@gmail.com,female,WESTIND
266,lora,user266@gmail.com,male,WESTIND
268,indra,user268@gmail.com,male,WESTIND
278,indra,user278@gmail.com,female,WESTIND
281,arjun,user281@gmail.com,male,WESTIND
289,indra,user289@gmail.com,male,WESTIND
291,meena,user291@gmail.com,female,WESTIND
296,lora,user296@gmail.com,female,WESTIND
298,Ravi,user298@gmail.com,female,WESTIND
314,lora,user314@gmail.com,female,WESTIND
318,jessy,user318@gmail.com,male,WESTIND
323,arjun,user323@gmail.com,female,WESTIND
324,Ravi,user324@gmail.com,female,WESTIND
326,jack,user326@gmail.com,male,WESTIND
339,kali,user339@gmail.com,male,WESTIND
342,laila,user342@gmail.com,female,WESTIND
346,hari,user346@gmail.com,male,WESTIND
347,indra,user347@gmail.com,female,WESTIND
353,laila,user353@gmail.com,female,WESTIND
361,lora,user361@gmail.com,female,WESTIND
365,kali,user365@gmail.com,male,WESTIND
366,Ravi,user366@gmail.com,female,WESTIND
367,laila,user367@gmail.com,female,WESTIND
368,arjun,user368@gmail.com,male,WESTIND
376,hari,user376@gmail.com,male,WESTIND
381,Ravi,user381@gmail.com,male,WESTIND
390,meena,user390@gmail.com,male,WESTIND
409,jessy,user409@gmail.com,male,WESTIND
413,jessy,user413@gmail.com,female,WESTIND
416,jack,user416@gmail.com,female,WESTIND
419,hari,user419@gmail.com,male,WESTIND
426,jessy,user426@gmail.com,male,WESTIND
429,kali,user429@gmail.com,male,WESTIND
435,arjun,user435@gmail.com,female,WESTIND
438,laila,user438@gmail.com,male,WESTIND
440,lora,user440@gmail.com,male,WESTIND
460,meena,user460@gmail.com,female,WESTIND
467,arjun,user467@gmail.com,male,WESTIND
469,meena,user469@gmail.com,male,WESTIND
470,jessy,user470@gmail.com,male,WESTIND
472,indra,user472@gmail.com,female,WESTIND
473,meena,user473@gmail.com,female,WESTIND
475,meena,user475@gmail.com,male,WESTIND
487,indra,user487@gmail.com,female,WESTIND
494,arjun,user494@gmail.com,female,WESTIND
499,hari,user499@gmail.com,male,WESTIND
504,indra,user504@gmail.com,female,WESTIND
505,Ravi,user505@gmail.com,female,WESTIND
508,jessy,user508@gmail.com,female,WESTIND
511,arjun,user511@gmail.com,male,WESTIND
522,arjun,user522@gmail.com,male,WESTIND
526,kali,user526@gmail.com,male,WESTIND
532,jessy,user532@gmail.com,female,WESTIND
536,indra,user536@gmail.com,male,WESTIND
541,jessy,user541@gmail.com,male,WESTIND
546,meena,user546@gmail.com,male,WESTIND
547,hari,user547@gmail.com,female,WESTIND
554,lora,user554@gmail.com,male,WESTIND
572,jessy,user572@gmail.com,male,WESTIND
573,Ravi,user573@gmail.com,female,WESTIND
574,lora,user574@gmail.com,female,WESTIND
585,jack,user585@gmail.com,male,WESTIND
587,lora,user587@gmail.com,female,WESTIND
601,lora,user601@gmail.com,male,WESTIND
614,jessy,user614@gmail.com,male,WESTIND
623,jessy,user623@gmail.com,female,WESTIND
639,laila,user639@gmail.com,male,WESTIND
640,lora,user640@gmail.com,male,WESTIND
660,kali,user660@gmail.com,male,WESTIND
661,lora,user661@gmail.com,female,WESTIND
662,meena,user662@gmail.com,female,WESTIND
669,hari,user669@gmail.com,male,WESTIND
681,jessy,user681@gmail.com,female,WESTIND
684,kali,user684@gmail.com,male,WESTIND
685,arjun,user685@gmail.com,female,WESTIND
686,jack,user686@gmail.com,male,WESTIND
690,meena,user690@gmail.com,female,WESTIND
692,lora,user692@gmail.com,male,WESTIND
698,jessy,user698@gmail.com,male,WESTIND
704,jessy,user704@gmail.com,female,WESTIND
709,arjun,user709@gmail.com,male,WESTIND
717,jack,user717@gmail.com,male,WESTIND
737,Ravi,user737@gmail.com,female,WESTIND
741,lora,user741@gmail.com,female,WESTIND
743,hari,user743@gmail.com,female,WESTIND
744,arjun,user744@gmail.com,male,WESTIND
746,meena,user746@gmail.com,male,WESTIND
747,jessy,user747@gmail.com,male,WESTIND
748,indra,user748@gmail.com,female,WESTIND
754,indra,user754@gmail.com,female,WESTIND
757,jack,user757@gmail.com,male,WESTIND
760,laila,user760@gmail.com,female,WESTIND
778,kali,user778@gmail.com,male,WESTIND
779,jessy,user779@gmail.com,male,WESTIND
782,indra,user782@gmail.com,female,WESTIND
785,hari,user785@gmail.com,female,WESTIND
787,Ravi,user787@gmail.com,female,WESTIND
789,meena,user789@gmail.com,male,WESTIND
797,jack,user797@gmail.com,male,WESTIND
799,kali,user799@gmail.com,male,WESTIND
803,laila,user803@gmail.com,male,WESTIND
806,Ravi,user806@gmail.com,female,WESTIND
807,indra,user807@gmail.com,female,WESTIND
818,jessy,user818@gmail.com,male,WESTIND
830,kali,user830@gmail.com,male,WESTIND
831,jessy,user831@gmail.com,male,WESTIND
835,Ravi,user835@gmail.com,male,WESTIND
838,meena,user838@gmail.com,female,WESTIND
843,jack,user843@gmail.com,female,WESTIND
860,Ravi,user860@gmail.com,male,WESTIND
863,jessy,user863@gmail.com,female,WESTIND
864,indra,user864@gmail.com,female,WESTIND
866,jessy,user866@gmail.com,male,WESTIND
868,jack,user868@gmail.com,female,WESTIND
869,lora,user869@gmail.com,female,WESTIND
876,Ravi,user876@gmail.com,female,WESTIND
885,indra,user885@gmail.com,female,WESTIND
886,kali,user886@gmail.com,male,WESTIND
889,arjun,user889@gmail.com,female,WESTIND
890,indra,user890@gmail.com,female,WESTIND
895,arjun,user895@gmail.com,male,WESTIND
896,kali,user896@gmail.com,female,WESTIND
901,jack,user901@gmail.com,male,WESTIND
902,hari,user902@gmail.com,female,WESTIND
903,jessy,user903@gmail.com,female,WESTIND
905,lora,user905@gmail.com,male,WESTIND
912,meena,user912@gmail.com,male,WESTIND
914,Ravi,user914@gmail.com,female,WESTIND
917,kali,user917@gmail.com,male,WESTIND
930,jessy,user930@gmail.com,female,WESTIND
937,meena,user937@gmail.com,male,WESTIND
945,hari,user945@gmail.com,male,WESTIND
955,lora,user955@gmail.com,female,WESTIND
957,jack,user957@gmail.com,male,WESTIND
969,meena,user969@gmail.com,female,WESTIND
977,Ravi,user977@gmail.com,male,WESTIND
978,kali,user978@gmail.com,male,WESTIND
985,jack,user985@gmail.com,male,WESTIND
988,lora,user988@gmail.com,female,WESTIND
990,hari,user990@gmail.com,female,WESTIND
994,lora,user994@gmail.com,male,WESTIND
1009,meena,user1009@gmail.com,male,WESTIND
1014,kali,user1014@gmail.com,male,WESTIND
1019,indra,user1019@gmail.com,male,WESTIND
1020,meena,user1020@gmail.com,female,WESTIND
1022,kali,user1022@gmail.com,female,WESTIND
1023,Ravi,user1023@gmail.com,female,WESTIND
1024,laila,user1024@gmail.com,female,WESTIND
1026,jessy,user1026@gmail.com,female,WESTIND
1027,hari,user1027@gmail.com,male,WESTIND
1030,lora,user1030@gmail.com,female,WESTIND
1033,kali,user1033@gmail.com,female,WESTIND
1034,jack,user1034@gmail.com,male,WESTIND
1037,arjun,user1037@gmail.com,male,WESTIND
1042,meena,user1042@gmail.com,male,WESTIND
1049,jessy,user1049@gmail.com,male,WESTIND
1051,meena,user1051@gmail.com,female,WESTIND
1056,meena,user1056@gmail.com,female,WESTIND
1060,indra,user1060@gmail.com,female,WESTIND
1061,Ravi,user1061@gmail.com,male,WESTIND
1065,jack,user1065@gmail.com,female,WESTIND
1066,laila,user1066@gmail.com,male,WESTIND
1069,laila,user1069@gmail.com,male,WESTIND
1071,laila,user1071@gmail.com,male,WESTIND
1078,indra,user1078@gmail.com,male,WESTIND
1079,arjun,user1079@gmail.com,female,WESTIND
1087,meena,user1087@gmail.com,female,WESTIND
1092,Ravi,user1092@gmail.com,female,WESTIND
1095,jack,user1095@gmail.com,female,WESTIND
1096,lora,user1096@gmail.com,female,WESTIND
1097,Ravi,user1097@gmail.com,male,WESTIND
1129,jessy,user1129@gmail.com,male,WESTIND
1131,lora,user1131@gmail.com,female,WESTIND
1139,kali,user1139@gmail.com,male,WESTIND
1145,kali,user1145@gmail.com,male,WESTIND
1151,hari,user1151@gmail.com,female,WESTIND
1160,meena,user1160@gmail.com,female,WESTIND
1165,laila,user1165@gmail.com,male,WESTIND
1167,kali,user1167@gmail.com,male,WESTIND
1168,jack,user1168@gmail.com,female,WESTIND
1172,laila,user1172@gmail.com,female,WESTIND
1179,jack,user1179@gmail.com,male,WESTIND
1181,Ravi,user1181@gmail.com,male,WESTIND
1185,meena,user1185@gmail.com,male,WESTIND
1190,jack,user1190@gmail.com,male,WESTIND
1199,jessy,user1199@gmail.com,male,WESTIND
1205,jessy,user1205@gmail.com,female,WESTIND
1212,Ravi,user1212@gmail.com,female,WESTIND
1213,lora,user1213@gmail.com,male,WESTIND
1222,indra,user1222@gmail.com,male,WESTIND
1225,indra,user1225@gmail.com,female,WESTIND
1232,lora,user1232@gmail.com,female,WESTIND
1237,lora,user1237@gmail.com,female,WESTIND
1246,jessy,user1246@gmail.com,female,WESTIND
1250,lora,user1250@gmail.com,female,WESTIND
1265,Ravi,user1265@gmail.com,female,WESTIND
1266,indra,user1266@gmail.com,female,WESTIND
1271,arjun,user1271@gmail.com,male,WESTIND
1273,hari,user1273@gmail.com,male,WESTIND
1275,indra,user1275@gmail.com,female,WESTIND
1281,lora,user1281@gmail.com,female,WESTIND
1283,hari,user1283@gmail.com,female,WESTIND
1298,jessy,user1298@gmail.com,male,WESTIND
1303,lora,user1303@gmail.com,female,WESTIND
1304,meena,user1304@gmail.com,female,WESTIND
1305,Ravi,user1305@gmail.com,female,WESTIND
1306,indra,user1306@gmail.com,male,WESTIND
1307,meena,user1307@gmail.com,female,WESTIND
1310,jack,user1310@gmail.com,female,WESTIND
1320,Ravi,user1320@gmail.com,male,WESTIND
1322,kali,user1322@gmail.com,male,WESTIND
1326,jack,user1326@gmail.com,male,WESTIND
1339,kali,user1339@gmail.com,female,WESTIND
1341,arjun,user1341@gmail.com,female,WESTIND
1342,arjun,user1342@gmail.com,male,WESTIND
1345,laila,user1345@gmail.com,female,WESTIND
1346,Ravi,user1346@gmail.com,female,WESTIND
1350,lora,user1350@gmail.com,female,WESTIND
1351,lora,user1351@gmail.com,female,WESTIND
1352,lora,user1352@gmail.com,male,WESTIND
1360,kali,user1360@gmail.com,male,WESTIND
1365,Ravi,user1365@gmail.com,male,WESTIND
1366,indra,user1366@gmail.com,male,WESTIND
1372,lora,user1372@gmail.com,male,WESTIND
1374,jessy,user1374@gmail.com,female,WESTIND
1375,jack,user1375@gmail.com,female,WESTIND
1377,jack,user1377@gmail.com,male,WESTIND
1381,arjun,user1381@gmail.com,female,WESTIND
1384,jack,user1384@gmail.com,female,WESTIND
1386,jack,user1386@gmail.com,female,WESTIND
1391,meena,user1391@gmail.com,male,WESTIND
1399,kali,user1399@gmail.com,male,WESTIND
1409,laila,user1409@gmail.com,female,WESTIND
1410,laila,user1410@gmail.com,female,WESTIND
1412,indra,user1412@gmail.com,female,WESTIND
1423,lora,user1423@gmail.com,female,WESTIND
1432,jessy,user1432@gmail.com,female,WESTIND
1433,jessy,user1433@gmail.com,male,WESTIND
1442,jessy,user1442@gmail.com,female,WESTIND
1443,jack,user1443@gmail.com,male,WESTIND
1457,Ravi,user1457@gmail.com,male,WESTIND
1459,jessy,user1459@gmail.com,female,WESTIND
1473,Ravi,user1473@gmail.com,male,WESTIND
1480,arjun,user1480@gmail.com,female,WESTIND
1483,hari,user1483@gmail.com,male,WESTIND
1488,hari,user1488@gmail.com,male,WESTIND
1489,arjun,user1489@gmail.com,male,WESTIND
1492,hari,user1492@gmail.com,male,WESTIND
1494,arjun,user1494@gmail.com,male,WESTIND
1500,arjun,user1500@gmail.com,female,WESTIND
1502,jack,user1502@gmail.com,male,WESTIND
1505,lora,user1505@gmail.com,male,WESTIND
1508,kali,user1508@gmail.com,male,WESTIND
1510,jessy,user1510@gmail.com,male,WESTIND
1517,jack,user1517@gmail.com,female,WESTIND
1520,jack,user1520@gmail.com,male,WESTIND
1521,jessy,user1521@gmail.com,female,WESTIND
1522,Ravi,user1522@gmail.com,female,WESTIND
1523,jack,user1523@gmail.com,male,WESTIND
1526,hari,user1526@gmail.com,female,WESTIND
1529,kali,user1529@gmail.com,male,WESTIND
1540,Ravi,user1540@gmail.com,female,WESTIND
1549,kali,user1549@gmail.com,female,WESTIND
1552,laila,user1552@gmail.com,male,WESTIND
1553,hari,user1553@gmail.com,male,WESTIND
1555,lora,user1555@gmail.com,female,WESTIND
1563,meena,user1563@gmail.com,male,WESTIND
1569,lora,user1569@gmail.com,male,WESTIND
1570,arjun,user1570@gmail.com,male,WESTIND
1576,jessy,user1576@gmail.com,female,WESTIND
1579,jack,user1579@gmail.com,male,WESTIND
1594,indra,user1594@gmail.com,female,WESTIND
1608,indra,user1608@gmail.com,female,WESTIND
1610,kali,user1610@gmail.com,female,WESTIND
1615,hari,user1615@gmail.com,female,WESTIND
1619,kali,user1619@gmail.com,male,WESTIND
1626,meena,user1626@gmail.com,male,WESTIND
1634,kali,user1634@gmail.com,female,WESTIND
1638,kali,user1638@gmail.com,male,WESTIND
1645,kali,user1645@gmail.com,female,WESTIND
1656,kali,user1656@gmail.com,female,WESTIND
1665,laila,user1665@gmail.com,male,WESTIND
1670,kali,user1670@gmail.com,male,WESTIND
1676,jack,user1676@gmail.com,female,WESTIND
1687,laila,user1687@gmail.com,female,WESTIND
1692,lora,user1692@gmail.com,female,WESTIND
1694,jessy,user1694@gmail.com,male,WESTIND
1708,meena,user1708@gmail.com,female,WESTIND
1709,laila,user1709@gmail.com,male,WESTIND
1710,jessy,user1710@gmail.com,female,WESTIND
1711,Ravi,user1711@gmail.com,female,WESTIND
1712,hari,user1712@gmail.com,female,WESTIND
1718,laila,user1718@gmail.com,female,WESTIND
1724,lora,user1724@gmail.com,female,WESTIND
1728,Ravi,user1728@gmail.com,female,WESTIND
1734,jack,user1734@gmail.com,female,WESTIND
1738,laila,user1738@gmail.com,male,WESTIND
1739,lora,user1739@gmail.com,female,WESTIND
1742,indra,user1742@gmail.com,female,WESTIND
1745,lora,user1745@gmail.com,female,WESTIND
1746,meena,user1746@gmail.com,female,WESTIND
1748,indra,user1748@gmail.com,female,WESTIND
1750,arjun,user1750@gmail.com,male,WESTIND
1754,arjun,user1754@gmail.com,male,WESTIND
1767,jack,user1767@gmail.com,female,WESTIND
1788,hari,user1788@gmail.com,male,WESTIND
1793,lora,user1793@gmail.com,female,WESTIND
1800,arjun,user1800@gmail.com,male,WESTIND
1805,lora,user1805@gmail.com,female,WESTIND
1810,hari,user1810@gmail.com,female,WESTIND
1813,indra,user1813@gmail.com,male,WESTIND
1815,kali,user1815@gmail.com,female,WESTIND
1828,laila,user1828@gmail.com,male,WESTIND
1839,Ravi,user1839@gmail.com,female,WESTIND
1840,laila,user1840@gmail.com,female,WESTIND
1842,Ravi,user1842@gmail.com,female,WESTIND
1864,meena,user1864@gmail.com,female,WESTIND
1869,lora,user1869@gmail.com,female,WESTIND
1870,laila,user1870@gmail.com,male,WESTIND
1871,Ravi,user1871@gmail.com,male,WESTIND
1872,jack,user1872@gmail.com,male,WESTIND
1874,kali,user1874@gmail.com,male,WESTIND
1885,arjun,user1885@gmail.com,male,WESTIND
1886,hari,user1886@gmail.com,male,WESTIND
1887,lora,user1887@gmail.com,female,WESTIND
1890,lora,user1890@gmail.com,female,WESTIND
1896,indra,user1896@gmail.com,male,WESTIND
1897,jack,user1897@gmail.com,male,WESTIND
1899,arjun,user1899@gmail.com,female,WESTIND
1905,hari,user1905@gmail.com,male,WESTIND
1907,meena,user1907@gmail.com,female,WESTIND
1911,meena,user1911@gmail.com,male,WESTIND
1917,lora,user1917@gmail.com,female,WESTIND
1919,laila,user1919@gmail.com,male,WESTIND
1920,laila,user1920@gmail.com,female,WESTIND
1938,laila,user1938@gmail.com,female,WESTIND
1944,laila,user1944@gmail.com,female,WESTIND
1948,meena,user1948@gmail.com,male,WESTIND
1951,hari,user1951@gmail.com,female,WESTIND
1958,kali,user1958@gmail.com,male,WESTIND
1963,jessy,user1963@gmail.com,female,WESTIND
1965,arjun,user1965@gmail.com,female,WESTIND
1966,lora,user1966@gmail.com,male,WESTIND
1971,lora,user1971@gmail.com,female,WESTIND
1973,jack,user1973@gmail.com,male,WESTIND
1977,meena,user1977@gmail.com,male,WESTIND
1992,indra,user1992@gmail.com,male,WESTIND
1993,Ravi,user1993@gmail.com,male,WESTIND
1994,hari,user1994@gmail.com,male,WESTIND
1997,indra,user1997@gmail.com,female,WESTIND
1998,laila,user1998@gmail.com,male,WESTIND
2007,jack,user2007@gmail.com,female,WESTIND
2024,arjun,user2024@gmail.com,female,WESTIND
2027,hari,user2027@gmail.com,female,WESTIND
2035,arjun,user2035@gmail.com,male,WESTIND
2039,jessy,user2039@gmail.com,female,WESTIND
2041,jessy,user2041@gmail.com,male,WESTIND
2046,jessy,user2046@gmail.com,male,WESTIND
2052,jessy,user2052@gmail.com,female,WESTIND
2053,kali,user2053@gmail.com,female,WESTIND
2062,Ravi,user2062@gmail.com,male,WESTIND
2069,jessy,user2069@gmail.com,female,WESTIND
2073,arjun,user2073@gmail.com,female,WESTIND
2078,kali,user2078@gmail.com,male,WESTIND
2081,indra,user2081@gmail.com,male,WESTIND
2082,meena,user2082@gmail.com,female,WESTIND
2083,indra,user2083@gmail.com,female,WESTIND
2084,meena,user2084@gmail.com,male,WESTIND
2088,jack,user2088@gmail.com,female,WESTIND
2091,jessy,user2091@gmail.com,male,WESTIND
2097,jack,user2097@gmail.com,female,WESTIND
2099,meena,user2099@gmail.com,male,WESTIND
2103,Ravi,user2103@gmail.com,female,WESTIND
2117,jessy,user2117@gmail.com,male,WESTIND
2118,lora,user2118@gmail.com,female,WESTIND
2134,laila,user2134@gmail.com,female,WESTIND
2142,jessy,user2142@gmail.com,female,WESTIND
2144,Ravi,user2144@gmail.com,male,WESTIND
2151,jessy,user2151@gmail.com,male,WESTIND
2152,kali,user2152@gmail.com,female,WESTIND
2159,jessy,user2159@gmail.com,female,WESTIND
2173,indra,user2173@gmail.com,male,WESTIND
2178,lora,user2178@gmail.com,female,WESTIND
2185,jack,user2185@gmail.com,male,WESTIND
2186,indra,user2186@gmail.com,female,WESTIND
2197,indra,user2197@gmail.com,female,WESTIND
2203,indra,user2203@gmail.com,female,WESTIND
2205,Ravi,user2205@gmail.com,female,WESTIND
2210,kali,user2210@gmail.com,female,WESTIND
2212,indra,user2212@gmail.com,female,WESTIND
2213,kali,user2213@gmail.com,female,WESTIND
2216,kali,user2216@gmail.com,female,WESTIND
2220,indra,user2220@gmail.com,male,WESTIND
2224,jessy,user2224@gmail.com,male,WESTIND
2225,lora,user2225@gmail.com,male,WESTIND
2227,meena,user2227@gmail.com,male,WESTIND
2231,jack,user2231@gmail.com,female,WESTIND
2235,laila,user2235@gmail.com,female,WESTIND
2239,kali,user2239@gmail.com,female,WESTIND
2242,Ravi,user2242@gmail.com,female,WESTIND
2243,meena,user2243@gmail.com,female,WESTIND
2247,arjun,user2247@gmail.com,female,WESTIND
2250,laila,user2250@gmail.com,male,WESTIND
2252,meena,user2252@gmail.com,female,WESTIND
2257,arjun,user2257@gmail.com,female,WESTIND
2259,Ravi,user2259@gmail.com,female,WESTIND
2266,Ravi,user2266@gmail.com,male,WESTIND
2267,laila,user2267@gmail.com,male,WESTIND
2270,kali,user2270@gmail.com,male,WESTIND
2273,Ravi,user2273@gmail.com,female,WESTIND
2275,jessy,user2275@gmail.com,male,WESTIND
2278,kali,user2278@gmail.com,female,WESTIND
2279,lora,user2279@gmail.com,male,WESTIND
2289,meena,user2289@gmail.com,female,WESTIND
2293,jack,user2293@gmail.com,female,WESTIND
2297,hari,user2297@gmail.com,female,WESTIND
2300,lora,user2300@gmail.com,male,WESTIND
2304,arjun,user2304@gmail.com,female,WESTIND
2306,Ravi,user2306@gmail.com,female,WESTIND
2307,hari,user2307@gmail.com,male,WESTIND
2310,lora,user2310@gmail.com,female,WESTIND
2312,Ravi,user2312@gmail.com,male,WESTIND
2321,Ravi,user2321@gmail.com,female,WESTIND
2338,jack,user2338@gmail.com,female,WESTIND
2339,laila,user2339@gmail.com,female,WESTIND
2352,meena,user2352@gmail.com,male,WESTIND
2356,arjun,user2356@gmail.com,female,WESTIND
2360,lora,user2360@gmail.com,male,WESTIND
2364,jack,user2364@gmail.com,female,WESTIND
2367,jessy,user2367@gmail.com,female,WESTIND
2372,arjun,user2372@gmail.com,female,WESTIND
2377,jack,user2377@gmail.com,male,WESTIND
2385,jessy,user2385@gmail.com,female,WESTIND
2388,laila,user2388@gmail.com,male,WESTIND
2390,kali,user2390@gmail.com,female,WESTIND
2391,Ravi,user2391@gmail.com,female,WESTIND
2401,lora,user2401@gmail.com,female,WESTIND
2414,hari,user2414@gmail.com,female,WESTIND
2419,indra,user2419@gmail.com,female,WESTIND
2435,kali,user2435@gmail.com,female,WESTIND
2441,laila,user2441@gmail.com,female,WESTIND
2458,laila,user2458@gmail.com,male,WESTIND
2464,jack,user2464@gmail.com,male,WESTIND
2472,hari,user2472@gmail.com,male,WESTIND
2473,laila,user2473@gmail.com,female,WESTIND
2477,lora,user2477@gmail.com,male,WESTIND
2485,laila,user2485@gmail.com,female,WESTIND
2489,laila,user2489@gmail.com,male,WESTIND
2495,lora,user2495@gmail.com,male,WESTIND
2499,jack,user2499@gmail.com,female,WESTIND
2500,indra,user2500@gmail.com,female,WESTIND
2502,jessy,user2502@gmail.com,male,WESTIND
2504,lora,user2504@gmail.com,female,WESTIND
2506,jessy,user2506@gmail.com,female,WESTIND
2508,jessy,user2508@gmail.com,male,WESTIND
2510,arjun,user2510@gmail.com,female,WESTIND
2512,laila,user2512@gmail.com,female,WESTIND
2521,Ravi,user2521@gmail.com,male,WESTIND
2524,indra,user2524@gmail.com,male,WESTIND
2527,jessy,user2527@gmail.com,male,WESTIND
2533,Ravi,user2533@gmail.com,female,WESTIND
2535,laila,user2535@gmail.com,male,WESTIND
2543,lora,user2543@gmail.com,female,WESTIND
2545,kali,user2545@gmail.com,female,WESTIND
2550,laila,user2550@gmail.com,female,WESTIND
2571,kali,user2571@gmail.com,male,WESTIND
2580,laila,user2580@gmail.com,male,WESTIND
2583,meena,user2583@gmail.com,male,WESTIND
2588,hari,user2588@gmail.com,male,WESTIND
2589,indra,user2589@gmail.com,female,WESTIND
2593,jack,user2593@gmail.com,male,WESTIND
2595,jack,user2595@gmail.com,male,WESTIND
2596,kali,user2596@gmail.com,female,WESTIND
2600,kali,user2600@gmail.com,male,WESTIND
2608,jack,user2608@gmail.com,male,WESTIND
2614,Ravi,user2614@gmail.com,male,WESTIND
2618,arjun,user2618@gmail.com,male,WESTIND
2623,kali,user2623@gmail.com,female,WESTIND
2625,indra,user2625@gmail.com,male,WESTIND
2627,jessy,user2627@gmail.com,female,WESTIND
2629,Ravi,user2629@gmail.com,male,WESTIND
2640,hari,user2640@gmail.com,female,WESTIND
2644,jack,user2644@gmail.com,female,WESTIND
2651,jack,user2651@gmail.com,male,WESTIND
2652,hari,user2652@gmail.com,female,WESTIND
2653,meena,user2653@gmail.com,male,WESTIND
2655,jack,user2655@gmail.com,male,WESTIND
2658,jessy,user2658@gmail.com,male,WESTIND
2660,hari,user2660@gmail.com,female,WESTIND
2662,arjun,user2662@gmail.com,male,WESTIND
2677,lora,user2677@gmail.com,female,WESTIND
2681,kali,user2681@gmail.com,male,WESTIND
2685,kali,user2685@gmail.com,female,WESTIND
2687,hari,user2687@gmail.com,male,WESTIND
2693,indra,user2693@gmail.com,female,WESTIND
2694,hari,user2694@gmail.com,male,WESTIND
2701,lora,user2701@gmail.com,female,WESTIND
2718,hari,user2718@gmail.com,male,WESTIND
2719,jack,user2719@gmail.com,female,WESTIND
2725,Ravi,user2725@gmail.com,female,WESTIND
2730,laila,user2730@gmail.com,male,WESTIND
2739,hari,user2739@gmail.com,female,WESTIND
2741,laila,user2741@gmail.com,female,WESTIND
2762,jessy,user2762@gmail.com,male,WESTIND
2771,meena,user2771@gmail.com,male,WESTIND
2782,jack,user2782@gmail.com,female,WESTIND
2783,jack,user2783@gmail.com,male,WESTIND
2785,meena,user2785@gmail.com,female,WESTIND
2792,Ravi,user2792@gmail.com,female,WESTIND
2794,laila,user2794@gmail.com,female,WESTIND
2796,kali,user2796@gmail.com,male,WESTIND
2797,kali,user2797@gmail.com,female,WESTIND
2800,hari,user2800@gmail.com,female,WESTIND
2805,kali,user2805@gmail.com,female,WESTIND
2815,Ravi,user2815@gmail.com,male,WESTIND
2820,laila,user2820@gmail.com,male,WESTIND
2821,hari,user2821@gmail.com,female,WESTIND
2824,kali,user2824@gmail.com,female,WESTIND
2828,lora,user2828@gmail.com,female,WESTIND
2834,jessy,user2834@gmail.com,male,WESTIND
2842,meena,user2842@gmail.com,male,WESTIND
2848,kali,user2848@gmail.com,male,WESTIND
2852,lora,user2852@gmail.com,female,WESTIND
2856,jack,user2856@gmail.com,female,WESTIND
2862,jessy,user2862@gmail.com,male,WESTIND
2876,kali,user2876@gmail.com,male,WESTIND
2887,hari,user2887@gmail.com,male,WESTIND
2891,arjun,user2891@gmail.com,female,WESTIND
2892,hari,user2892@gmail.com,female,WESTIND
2894,lora,user2894@gmail.com,female,WESTIND
2898,hari,user2898@gmail.com,female,WESTIND
2899,jessy,user2899@gmail.com,female,WESTIND
2902,jack,user2902@gmail.com,female,WESTIND
2904,indra,user2904@gmail.com,female,WESTIND
2906,laila,user2906@gmail.com,male,WESTIND
2913,hari,user2913@gmail.com,female,WESTIND
2916,arjun,user2916@gmail.com,female,WESTIND
2922,Ravi,user2922@gmail.com,male,WESTIND
2927,kali,user2927@gmail.com,male,WESTIND
2931,laila,user2931@gmail.com,female,WESTIND
2933,jack,user2933@gmail.com,male,WESTIND
2940,kali,user2940@gmail.com,male,WESTIND
2950,laila,user2950@gmail.com,female,WESTIND
2960,jack,user2960@gmail.com,male,WESTIND
2965,jessy,user2965@gmail.com,male,WESTIND
2971,lora,user2971@gmail.com,male,WESTIND
2977,lora,user2977@gmail.com,male,WESTIND
2978,Ravi,user2978@gmail.com,male,WESTIND
2981,Ravi,user2981@gmail.com,male,WESTIND
2982,arjun,user2982@gmail.com,male,WESTIND
2983,Ravi,user2983@gmail.com,female,WESTIND
2992,laila,user2992@gmail.com,male,WESTIND
2998,jack,user2998@gmail.com,male,WESTIND
3010,lora,user3010@gmail.com,female,WESTIND
3016,indra,user3016@gmail.com,male,WESTIND
3022,arjun,user3022@gmail.com,female,WESTIND
3026,indra,user3026@gmail.com,female,WESTIND
3032,hari,user3032@gmail.com,female,WESTIND
3041,Ravi,user3041@gmail.com,male,WESTIND
3043,Ravi,user3043@gmail.com,female,WESTIND
3045,Ravi,user3045@gmail.com,female,WESTIND
3048,Ravi,user3048@gmail.com,male,WESTIND
3051,kali,user3051@gmail.com,male,WESTIND
3056,arjun,user3056@gmail.com,male,WESTIND
3058,arjun,user3058@gmail.com,female,WESTIND
3059,hari,user3059@gmail.com,male,WESTIND
3061,indra,user3061@gmail.com,female,WESTIND
3066,jack,user3066@gmail.com,male,WESTIND
3071,jack,user3071@gmail.com,male,WESTIND
3080,laila,user3080@gmail.com,male,WESTIND
3085,laila,user3085@gmail.com,female,WESTIND
3086,arjun,user3086@gmail.com,male,WESTIND
3089,Ravi,user3089@gmail.com,female,WESTIND
3090,Ravi,user3090@gmail.com,female,WESTIND
3092,jack,user3092@gmail.com,male,WESTIND
3108,jack,user3108@gmail.com,female,WESTIND
3112,indra,user3112@gmail.com,male,WESTIND
3114,laila,user3114@gmail.com,female,WESTIND
3140,lora,user3140@gmail.com,male,WESTIND
3142,hari,user3142@gmail.com,male,WESTIND
3145,jack,user3145@gmail.com,male,WESTIND
3146,jack,user3146@gmail.com,male,WESTIND
3147,jessy,user3147@gmail.com,male,WESTIND
3151,indra,user3151@gmail.com,female,WESTIND
3152,arjun,user3152@gmail.com,female,WESTIND
3158,jessy,user3158@gmail.com,male,WESTIND
3165,indra,user3165@gmail.com,male,WESTIND
3175,indra,user3175@gmail.com,female,WESTIND
3177,meena,user3177@gmail.com,male,WESTIND
3179,indra,user3179@gmail.com,female,WESTIND
3188,laila,user3188@gmail.com,female,WESTIND
3195,jessy,user3195@gmail.com,female,WESTIND
3197,meena,user3197@gmail.com,male,WESTIND
3211,arjun,user3211@gmail.com,female,WESTIND
3215,jack,user3215@gmail.com,male,WESTIND
3220,kali,user3220@gmail.com,female,WESTIND
3225,arjun,user3225@gmail.com,female,WESTIND
3235,meena,user3235@gmail.com,female,WESTIND
3237,lora,user3237@gmail.com,female,WESTIND
3242,hari,user3242@gmail.com,male,WESTIND
3254,laila,user3254@gmail.com,male,WESTIND
3257,laila,user3257@gmail.com,female,WESTIND
3262,jack,user3262@gmail.com,male,WESTIND
3263,kali,user3263@gmail.com,female,WESTIND
3268,kali,user3268@gmail.com,male,WESTIND
3271,arjun,user3271@gmail.com,female,WESTIND
3272,indra,user3272@gmail.com,female,WESTIND
3273,Ravi,user3273@gmail.com,female,WESTIND
3275,Ravi,user3275@gmail.com,male,WESTIND
3282,jessy,user3282@gmail.com,male,WESTIND
3285,lora,user3285@gmail.com,female,WESTIND
3294,hari,user3294@gmail.com,male,WESTIND
3307,indra,user3307@gmail.com,female,WESTIND
3312,indra,user3312@gmail.com,male,WESTIND
3313,jack,user3313@gmail.com,male,WESTIND
3325,meena,user3325@gmail.com,male,WESTIND
3326,hari,user3326@gmail.com,female,WESTIND
3328,hari,user3328@gmail.com,female,WESTIND
3330,arjun,user3330@gmail.com,male,WESTIND
3343,arjun,user3343@gmail.com,female,WESTIND
3344,arjun,user3344@gmail.com,female,WESTIND
3346,kali,user3346@gmail.com,female,WESTIND
3349,jack,user3349@gmail.com,male,WESTIND
3355,lora,user3355@gmail.com,male,WESTIND
3357,hari,user3357@gmail.com,female,WESTIND
3364,arjun,user3364@gmail.com,male,WESTIND
3371,Ravi,user3371@gmail.com,female,WESTIND
3387,meena,user3387@gmail.com,female,WESTIND
3393,laila,user3393@gmail.com,male,WESTIND
3397,laila,user3397@gmail.com,male,WESTIND
3398,laila,user3398@gmail.com,female,WESTIND
3402,jessy,user3402@gmail.com,male,WESTIND
3404,indra,user3404@gmail.com,male,WESTIND
3405,lora,user3405@gmail.com,male,WESTIND
3406,meena,user3406@gmail.com,male,WESTIND
3410,laila,user3410@gmail.com,female,WESTIND
3414,lora,user3414@gmail.com,female,WESTIND
3416,laila,user3416@gmail.com,male,WESTIND
3419,arjun,user3419@gmail.com,female,WESTIND
3427,laila,user3427@gmail.com,male,WESTIND
3437,indra,user3437@gmail.com,female,WESTIND
3442,arjun,user3442@gmail.com,female,WESTIND
3444,Ravi,user3444@gmail.com,male,WESTIND
3448,hari,user3448@gmail.com,female,WESTIND
3450,arjun,user3450@gmail.com,female,WESTIND
3451,indra,user3451@gmail.com,male,WESTIND
3453,jack,user3453@gmail.com,female,WESTIND
3455,kali,user3455@gmail.com,male,WESTIND
3458,hari,user3458@gmail.com,male,WESTIND
3460,meena,user3460@gmail.com,male,WESTIND
3467,jessy,user3467@gmail.com,male,WESTIND
3476,arjun,user3476@gmail.com,female,WESTIND
3483,laila,user3483@gmail.com,male,WESTIND
3496,meena,user3496@gmail.com,male,WESTIND
3498,jack,user3498@gmail.com,female,WESTIND
3500,arjun,user3500@gmail.com,female,WESTIND
3504,jessy,user3504@gmail.com,male,WESTIND
3507,laila,user3507@gmail.com,male,WESTIND
3513,jack,user3513@gmail.com,male,WESTIND
3515,jack,user3515@gmail.com,female,WESTIND
3522,jessy,user3522@gmail.com,female,WESTIND
3531,laila,user3531@gmail.com,female,WESTIND
3533,lora,user3533@gmail.com,female,WESTIND
3535,jack,user3535@gmail.com,female,WESTIND
3539,arjun,user3539@gmail.com,female,WESTIND
3545,jessy,user3545@gmail.com,female,WESTIND
3557,jack,user3557@gmail.com,male,WESTIND
3562,arjun,user3562@gmail.com,male,WESTIND
3565,Ravi,user3565@gmail.com,male,WESTIND
3566,kali,user3566@gmail.com,male,WESTIND
3567,Ravi,user3567@gmail.com,male,WESTIND
3570,Ravi,user3570@gmail.com,female,WESTIND
3573,meena,user3573@gmail.com,female,WESTIND
3577,jessy,user3577@gmail.com,male,WESTIND
3578,jessy,user3578@gmail.com,male,WESTIND
3580,meena,user3580@gmail.com,female,WESTIND
3596,arjun,user3596@gmail.com,female,WESTIND
3598,indra,user3598@gmail.com,male,WESTIND
3599,Ravi,user3599@gmail.com,male,WESTIND
3601,indra,user3601@gmail.com,female,WESTIND
3604,laila,user3604@gmail.com,female,WESTIND
3605,meena,user3605@gmail.com,male,WESTIND
3616,Ravi,user3616@gmail.com,male,WESTIND
3621,jessy,user3621@gmail.com,female,WESTIND
3622,Ravi,user3622@gmail.com,female,WESTIND
3626,meena,user3626@gmail.com,male,WESTIND
3632,laila,user3632@gmail.com,female,WESTIND
3637,meena,user3637@gmail.com,female,WESTIND
3640,Ravi,user3640@gmail.com,male,WESTIND
3644,lora,user3644@gmail.com,female,WESTIND
3649,hari,user3649@gmail.com,male,WESTIND
3653,lora,user3653@gmail.com,female,WESTIND
3658,jessy,user3658@gmail.com,male,WESTIND
3661,laila,user3661@gmail.com,male,WESTIND
3663,hari,user3663@gmail.com,male,WESTIND
3664,laila,user3664@gmail.com,female,WESTIND
3674,lora,user3674@gmail.com,female,WESTIND
3677,lora,user3677@gmail.com,female,WESTIND
3680,Ravi,user3680@gmail.com,female,WESTIND
3690,laila,user3690@gmail.com,male,WESTIND
3696,jessy,user3696@gmail.com,male,WESTIND
3715,kali,user3715@gmail.com,female,WESTIND
3722,indra,user3722@gmail.com,male,WESTIND
3724,lora,user3724@gmail.com,male,WESTIND
3734,hari,user3734@gmail.com,female,WESTIND
3741,Ravi,user3741@gmail.com,female,WESTIND
3746,jack,user3746@gmail.com,female,WESTIND
3749,indra,user3749@gmail.com,female,WESTIND
3769,jack,user3769@gmail.com,male,WESTIND
3770,laila,user3770@gmail.com,female,WESTIND
3773,laila,user3773@gmail.com,male,WESTIND
3796,hari,user3796@gmail.com,male,WESTIND
3812,indra,user3812@gmail.com,female,WESTIND
3826,laila,user3826@gmail.com,male,WESTIND
3830,kali,user3830@gmail.com,male,WESTIND
3831,Ravi,user3831@gmail.com,male,WESTIND
3833,arjun,user3833@gmail.com,female,WESTIND
3835,meena,user3835@gmail.com,female,WESTIND
3840,jessy,user3840@gmail.com,female,WESTIND
3842,jack,user3842@gmail.com,male,WESTIND
3843,indra,user3843@gmail.com,male,WESTIND
3854,indra,user3854@gmail.com,male,WESTIND
3858,indra,user3858@gmail.com,female,WESTIND
3859,laila,user3859@gmail.com,female,WESTIND
3865,meena,user3865@gmail.com,female,WESTIND
3886,hari,user3886@gmail.com,female,WESTIND
3890,kali,user3890@gmail.com,male,WESTIND
3892,lora,user3892@gmail.com,female,WESTIND
3894,Ravi,user3894@gmail.com,male,WESTIND
3895,laila,user3895@gmail.com,male,WESTIND
3896,jack,user3896@gmail.com,male,WESTIND
3897,jessy,user3897@gmail.com,male,WESTIND
3902,hari,user3902@gmail.com,female,WESTIND
3907,meena,user3907@gmail.com,male,WESTIND
3908,meena,user3908@gmail.com,male,WESTIND
3910,meena,user3910@gmail.com,female,WESTIND
3912,laila,user3912@gmail.com,male,WESTIND
3919,Ravi,user3919@gmail.com,female,WESTIND
3920,kali,user3920@gmail.com,male,WESTIND
3923,jack,user3923@gmail.com,male,WESTIND
3932,lora,user3932@gmail.com,female,WESTIND
3936,lora,user3936@gmail.com,female,WESTIND
3938,Ravi,user3938@gmail.com,male,WESTIND
3945,kali,user3945@gmail.com,female,WESTIND
3951,lora,user3951@gmail.com,male,WESTIND
3957,lora,user3957@gmail.com,male,WESTIND
3970,kali,user3970@gmail.com,female,WESTIND
3974,arjun,user3974@gmail.com,female,WESTIND
3975,indra,user3975@gmail.com,female,WESTIND
3982,meena,user3982@gmail.com,female,WESTIND
3986,jack,user3986@gmail.com,male,WESTIND
3997,jessy,user3997@gmail.com,male,WESTIND
3999,Ravi,user3999@gmail.com,male,WESTIND
4001,lora,user4001@gmail.com,male,WESTIND
4008,hari,user4008@gmail.com,female,WESTIND
4013,Ravi,user4013@gmail.com,female,WESTIND
4014,arjun,user4014@gmail.com,female,WESTIND
4016,kali,user4016@gmail.com,female,WESTIND
4023,laila,user4023@gmail.com,male,WESTIND
4028,Ravi,user4028@gmail.com,female,WESTIND
4033,hari,user4033@gmail.com,female,WESTIND
4037,laila,user4037@gmail.com,male,WESTIND
4039,indra,user4039@gmail.com,male,WESTIND
4046,arjun,user4046@gmail.com,female,WESTIND
4049,hari,user4049@gmail.com,female,WESTIND
4054,Ravi,user4054@gmail.com,male,WESTIND
4074,meena,user4074@gmail.com,male,WESTIND
4088,arjun,user4088@gmail.com,male,WESTIND
4094,laila,user4094@gmail.com,male,WESTIND
4100,Ravi,user4100@gmail.com,female,WESTIND
4110,arjun,user4110@gmail.com,male,WESTIND
4119,kali,user4119@gmail.com,female,WESTIND
4135,jessy,user4135@gmail.com,female,WESTIND
4141,indra,user4141@gmail.com,female,WESTIND
4148,hari,user4148@gmail.com,female,WESTIND
4151,laila,user4151@gmail.com,female,WESTIND
4153,hari,user4153@gmail.com,male,WESTIND
4156,laila,user4156@gmail.com,male,WESTIND
4158,kali,user4158@gmail.com,female,WESTIND
4163,meena,user4163@gmail.com,female,WESTIND
4164,kali,user4164@gmail.com,female,WESTIND
4177,laila,user4177@gmail.com,female,WESTIND
4181,meena,user4181@gmail.com,male,WESTIND
4183,Ravi,user4183@gmail.com,male,WESTIND
4184,jessy,user4184@gmail.com,male,WESTIND
4189,indra,user4189@gmail.com,male,WESTIND
4193,arjun,user4193@gmail.com,male,WESTIND
4200,arjun,user4200@gmail.com,female,WESTIND
4202,lora,user4202@gmail.com,female,WESTIND
4217,meena,user4217@gmail.com,male,WESTIND
4218,meena,user4218@gmail.com,female,WESTIND
4220,arjun,user4220@gmail.com,female,WESTIND
4227,hari,user4227@gmail.com,female,WESTIND
4232,Ravi,user4232@gmail.com,male,WESTIND
4243,indra,user4243@gmail.com,female,WESTIND
4244,meena,user4244@gmail.com,female,WESTIND
4247,hari,user4247@gmail.com,male,WESTIND
4259,Ravi,user4259@gmail.com,female,WESTIND
4265,indra,user4265@gmail.com,female,WESTIND
4273,lora,user4273@gmail.com,female,WESTIND
4285,meena,user4285@gmail.com,female,WESTIND
4287,kali,user4287@gmail.com,male,WESTIND
4299,lora,user4299@gmail.com,female,WESTIND
4303,lora,user4303@gmail.com,male,WESTIND
4305,arjun,user4305@gmail.com,male,WESTIND
4316,lora,user4316@gmail.com,female,WESTIND
4319,arjun,user4319@gmail.com,male,WESTIND
4329,lora,user4329@gmail.com,female,WESTIND
4341,meena,user4341@gmail.com,male,WESTIND
4348,jessy,user4348@gmail.com,female,WESTIND
4349,jessy,user4349@gmail.com,female,WESTIND
4350,hari,user4350@gmail.com,male,WESTIND
4353,indra,user4353@gmail.com,female,WESTIND
4354,Ravi,user4354@gmail.com,female,WESTIND
4356,Ravi,user4356@gmail.com,male,WESTIND
4357,arjun,user4357@gmail.com,female,WESTIND
4365,laila,user4365@gmail.com,male,WESTIND
4376,indra,user4376@gmail.com,female,WESTIND
4385,jessy,user4385@gmail.com,female,WESTIND
4405,jack,user4405@gmail.com,female,WESTIND
4407,kali,user4407@gmail.com,male,WESTIND
4411,meena,user4411@gmail.com,female,WESTIND
4416,Ravi,user4416@gmail.com,male,WESTIND
4417,meena,user4417@gmail.com,male,WESTIND
4435,jessy,user4435@gmail.com,female,WESTIND
4440,laila,user4440@gmail.com,male,WESTIND
4446,laila,user4446@gmail.com,female,WESTIND
4459,hari,user4459@gmail.com,female,WESTIND
4469,kali,user4469@gmail.com,female,WESTIND
4472,meena,user4472@gmail.com,female,WESTIND
4474,arjun,user4474@gmail.com,female,WESTIND
4497,arjun,user4497@gmail.com,female,WESTIND
4498,jack,user4498@gmail.com,male,WESTIND
4500,jack,user4500@gmail.com,female,WESTIND
4501,kali,user4501@gmail.com,male,WESTIND
4503,lora,user4503@gmail.com,female,WESTIND
4505,kali,user4505@gmail.com,male,WESTIND
4507,Ravi,user4507@gmail.com,male,WESTIND
4508,kali,user4508@gmail.com,female,WESTIND
4511,Ravi,user4511@gmail.com,female,WESTIND
4517,meena,user4517@gmail.com,male,WESTIND
4520,meena,user4520@gmail.com,male,WESTIND
4522,lora,user4522@gmail.com,female,WESTIND
4526,kali,user4526@gmail.com,female,WESTIND
4528,laila,user4528@gmail.com,female,WESTIND
4535,jessy,user4535@gmail.com,female,WESTIND
4536,lora,user4536@gmail.com,male,WESTIND
4541,lora,user4541@gmail.com,female,WESTIND
4545,laila,user4545@gmail.com,male,WESTIND
4546,jessy,user4546@gmail.com,male,WESTIND
4552,jack,user4552@gmail.com,male,WESTIND
4565,indra,user4565@gmail.com,female,WESTIND
4566,hari,user4566@gmail.com,male,WESTIND
4572,jessy,user4572@gmail.com,female,WESTIND
4573,hari,user4573@gmail.com,male,WESTIND
4575,lora,user4575@gmail.com,female,WESTIND
4583,lora,user4583@gmail.com,female,WESTIND
4592,indra,user4592@gmail.com,male,WESTIND
4596,jessy,user4596@gmail.com,female,WESTIND
4597,laila,user4597@gmail.com,male,WESTIND
4600,jessy,user4600@gmail.com,male,WESTIND
4616,Ravi,user4616@gmail.com,female,WESTIND
4619,hari,user4619@gmail.com,male,WESTIND
4627,Ravi,user4627@gmail.com,female,WESTIND
4632,indra,user4632@gmail.com,female,WESTIND
4633,indra,user4633@gmail.com,male,WESTIND
4634,indra,user4634@gmail.com,female,WESTIND
4635,lora,user4635@gmail.com,male,WESTIND
4648,laila,user4648@gmail.com,male,WESTIND
4651,jack,user4651@gmail.com,female,WESTIND
4656,laila,user4656@gmail.com,male,WESTIND
4659,indra,user4659@gmail.com,female,WESTIND
4662,Ravi,user4662@gmail.com,female,WESTIND
4663,jessy,user4663@gmail.com,female,WESTIND
4666,kali,user4666@gmail.com,female,WESTIND
4671,indra,user4671@gmail.com,male,WESTIND
4674,Ravi,user4674@gmail.com,female,WESTIND
4675,kali,user4675@gmail.com,female,WESTIND
4678,lora,user4678@gmail.com,male,WESTIND
4695,meena,user4695@gmail.com,female,WESTIND
4697,jack,user4697@gmail.com,male,WESTIND
4698,laila,user4698@gmail.com,female,WESTIND
4710,jessy,user4710@gmail.com,male,WESTIND
4713,kali,user4713@gmail.com,female,WESTIND
4716,laila,user4716@gmail.com,male,WESTIND
4723,lora,user4723@gmail.com,female,WESTIND
4745,kali,user4745@gmail.com,female,WESTIND
4747,meena,user4747@gmail.com,male,WESTIND
4754,lora,user4754@gmail.com,female,WESTIND
4758,indra,user4758@gmail.com,male,WESTIND
4760,jack,user4760@gmail.com,male,WESTIND
4762,Ravi,user4762@gmail.com,female,WESTIND
4765,meena,user4765@gmail.com,female,WESTIND
4769,Ravi,user4769@gmail.com,male,WESTIND
4783,jack,user4783@gmail.com,female,WESTIND
4792,jack,user4792@gmail.com,male,WESTIND
4803,kali,user4803@gmail.com,male,WESTIND
4804,indra,user4804@gmail.com,male,WESTIND
4805,jessy,user4805@gmail.com,male,WESTIND
4807,kali,user4807@gmail.com,female,WESTIND
4812,indra,user4812@gmail.com,male,WESTIND
4819,arjun,user4819@gmail.com,female,WESTIND
4822,laila,user4822@gmail.com,female,WESTIND
4836,laila,user4836@gmail.com,male,WESTIND
4840,jack,user4840@gmail.com,female,WESTIND
4849,jack,user4849@gmail.com,male,WESTIND
4856,meena,user4856@gmail.com,female,WESTIND
4857,Ravi,user4857@gmail.com,male,WESTIND
4870,hari,user4870@gmail.com,female,WESTIND
4871,hari,user4871@gmail.com,male,WESTIND
4877,jessy,user4877@gmail.com,female,WESTIND
4883,lora,user4883@gmail.com,female,WESTIND
4886,Ravi,user4886@gmail.com,female,WESTIND
4887,arjun,user4887@gmail.com,female,WESTIND
4895,jack,user4895@gmail.com,male,WESTIND
4900,lora,user4900@gmail.com,female,WESTIND
4906,lora,user4906@gmail.com,male,WESTIND
4907,lora,user4907@gmail.com,female,WESTIND
4919,indra,user4919@gmail.com,female,WESTIND
4921,arjun,user4921@gmail.com,female,WESTIND
4923,Ravi,user4923@gmail.com,female,WESTIND
4926,lora,user4926@gmail.com,female,WESTIND
4932,Ravi,user4932@gmail.com,male,WESTIND
4935,kali,user4935@gmail.com,male,WESTIND
4950,meena,user4950@gmail.com,male,WESTIND
4954,jack,user4954@gmail.com,female,WESTIND
4959,kali,user4959@gmail.com,male,WESTIND
4963,lora,user4963@gmail.com,female,WESTIND
4965,laila,user4965@gmail.com,male,WESTIND
4978,Ravi,user4978@gmail.com,male,WESTIND
4981,jessy,user4981@gmail.com,female,WESTIND
4984,hari,user4984@gmail.com,male,WESTIND
4991,lora,user4991@gmail.com,male,WESTIND
4994,hari,user4994@gmail.com,male,WESTIND
4996,kali,user4996@gmail.com,male,WESTIND
4997,hari,user4997@gmail.com,male,WESTIND
5000,indra,user5000@gmail.com,female,WESTIND
5002,jessy,user5002@gmail.com,male,WESTIND
5004,jack,user5004@gmail.com,male,WESTIND
5007,hari,user5007@gmail.com,female,WESTIND
5011,jessy,user5011@gmail.com,female,WESTIND
5012,jack,user5012@gmail.com,male,WESTIND
5015,hari,user5015@gmail.com,male,WESTIND
5024,lora,user5024@gmail.com,female,WESTIND
5026,jessy,user5026@gmail.com,female,WESTIND
5027,Ravi,user5027@gmail.com,female,WESTIND
5029,laila,user5029@gmail.com,male,WESTIND
5030,jack,user5030@gmail.com,female,WESTIND
5037,Ravi,user5037@gmail.com,female,WESTIND
5038,lora,user5038@gmail.com,male,WESTIND
5040,arjun,user5040@gmail.com,male,WESTIND
5043,arjun,user5043@gmail.com,male,WESTIND
5044,indra,user5044@gmail.com,male,WESTIND
5046,jack,user5046@gmail.com,male,WESTIND
5048,laila,user5048@gmail.com,female,WESTIND
5049,jessy,user5049@gmail.com,female,WESTIND
5050,indra,user5050@gmail.com,male,WESTIND
5057,hari,user5057@gmail.com,male,WESTIND
5058,Ravi,user5058@gmail.com,female,WESTIND
5059,kali,user5059@gmail.com,female,WESTIND
5062,jessy,user5062@gmail.com,female,WESTIND
5074,laila,user5074@gmail.com,male,WESTIND
5079,kali,user5079@gmail.com,male,WESTIND
5081,jack,user5081@gmail.com,male,WESTIND
5083,arjun,user5083@gmail.com,female,WESTIND
5090,laila,user5090@gmail.com,female,WESTIND
5100,jessy,user5100@gmail.com,male,WESTIND
5102,indra,user5102@gmail.com,female,WESTIND
5107,hari,user5107@gmail.com,female,WESTIND
5114,laila,user5114@gmail.com,female,WESTIND
5115,laila,user5115@gmail.com,male,WESTIND
5116,lora,user5116@gmail.com,female,WESTIND
5119,indra,user5119@gmail.com,male,WESTIND
5120,meena,user5120@gmail.com,male,WESTIND
5124,Ravi,user5124@gmail.com,female,WESTIND
5131,jessy,user5131@gmail.com,male,WESTIND
5137,kali,user5137@gmail.com,male,WESTIND
5142,indra,user5142@gmail.com,female,WESTIND
5144,Ravi,user5144@gmail.com,female,WESTIND
5152,Ravi,user5152@gmail.com,male,WESTIND
5164,arjun,user5164@gmail.com,male,WESTIND
5174,lora,user5174@gmail.com,female,WESTIND
5180,kali,user5180@gmail.com,female,WESTIND
5181,arjun,user5181@gmail.com,male,WESTIND
5182,laila,user5182@gmail.com,male,WESTIND
5184,indra,user5184@gmail.com,female,WESTIND
5196,meena,user5196@gmail.com,male,WESTIND
5197,kali,user5197@gmail.com,male,WESTIND
5203,jack,user5203@gmail.com,male,WESTIND
5206,lora,user5206@gmail.com,female,WESTIND
5211,Ravi,user5211@gmail.com,male,WESTIND
5212,laila,user5212@gmail.com,female,WESTIND
5219,lora,user5219@gmail.com,male,WESTIND
5222,Ravi,user5222@gmail.com,female,WESTIND
5229,jessy,user5229@gmail.com,male,WESTIND
5232,lora,user5232@gmail.com,female,WESTIND
5236,Ravi,user5236@gmail.com,male,WESTIND
5239,indra,user5239@gmail.com,female,WESTIND
5247,indra,user5247@gmail.com,female,WESTIND
5249,jessy,user5249@gmail.com,male,WESTIND
5250,kali,user5250@gmail.com,female,WESTIND
5266,indra,user5266@gmail.com,female,WESTIND
5275,kali,user5275@gmail.com,male,WESTIND
5276,kali,user5276@gmail.com,female,WESTIND
5286,indra,user5286@gmail.com,female,WESTIND
5287,indra,user5287@gmail.com,female,WESTIND
5289,kali,user5289@gmail.com,male,WESTIND
5300,hari,user5300@gmail.com,male,WESTIND
5302,jessy,user5302@gmail.com,female,WESTIND
5312,laila,user5312@gmail.com,male,WESTIND
5324,lora,user5324@gmail.com,female,WESTIND
5328,laila,user5328@gmail.com,male,WESTIND
5329,Ravi,user5329@gmail.com,male,WESTIND
5336,arjun,user5336@gmail.com,male,WESTIND
5337,jack,user5337@gmail.com,female,WESTIND
5340,hari,user5340@gmail.com,male,WESTIND
5343,hari,user5343@gmail.com,female,WESTIND
5349,arjun,user5349@gmail.com,male,WESTIND
5353,lora,user5353@gmail.com,female,WESTIND
5355,arjun,user5355@gmail.com,female,WESTIND
5356,jessy,user5356@gmail.com,male,WESTIND
5361,hari,user5361@gmail.com,female,WESTIND
5381,lora,user5381@gmail.com,male,WESTIND
5391,laila,user5391@gmail.com,female,WESTIND
5398,lora,user5398@gmail.com,female,WESTIND
5401,arjun,user5401@gmail.com,female,WESTIND
5405,hari,user5405@gmail.com,female,WESTIND
5406,hari,user5406@gmail.com,female,WESTIND
5411,jack,user5411@gmail.com,female,WESTIND
5413,hari,user5413@gmail.com,male,WESTIND
5423,arjun,user5423@gmail.com,female,WESTIND
5426,kali,user5426@gmail.com,female,WESTIND
5431,meena,user5431@gmail.com,female,WESTIND
5457,hari,user5457@gmail.com,female,WESTIND
5462,jessy,user5462@gmail.com,female,WESTIND
5466,indra,user5466@gmail.com,female,WESTIND
5469,hari,user5469@gmail.com,female,WESTIND
5472,indra,user5472@gmail.com,male,WESTIND
5478,Ravi,user5478@gmail.com,male,WESTIND
5482,kali,user5482@gmail.com,female,WESTIND
5496,Ravi,user5496@gmail.com,female,WESTIND
5497,Ravi,user5497@gmail.com,male,WESTIND
5520,hari,user5520@gmail.com,female,WESTIND
5523,hari,user5523@gmail.com,male,WESTIND
5526,indra,user5526@gmail.com,female,WESTIND
5540,arjun,user5540@gmail.com,female,WESTIND
5547,jack,user5547@gmail.com,male,WESTIND
5550,laila,user5550@gmail.com,male,WESTIND
5551,hari,user5551@gmail.com,male,WESTIND
5557,indra,user5557@gmail.com,female,WESTIND
5564,arjun,user5564@gmail.com,female,WESTIND
5568,hari,user5568@gmail.com,male,WESTIND
5573,jack,user5573@gmail.com,female,WESTIND
5579,laila,user5579@gmail.com,male,WESTIND
5590,jack,user5590@gmail.com,male,WESTIND
5592,meena,user5592@gmail.com,male,WESTIND
5607,lora,user5607@gmail.com,female,WESTIND
5609,kali,user5609@gmail.com,male,WESTIND
5610,arjun,user5610@gmail.com,male,WESTIND
5611,jack,user5611@gmail.com,male,WESTIND
5616,meena,user5616@gmail.com,male,WESTIND
5619,indra,user5619@gmail.com,male,WESTIND
5620,arjun,user5620@gmail.com,male,WESTIND
5621,kali,user5621@gmail.com,female,WESTIND
5631,hari,user5631@gmail.com,male,WESTIND
5633,lora,user5633@gmail.com,female,WESTIND
5639,jack,user5639@gmail.com,female,WESTIND
5643,indra,user5643@gmail.com,male,WESTIND
5646,meena,user5646@gmail.com,female,WESTIND
5647,arjun,user5647@gmail.com,male,WESTIND
5649,indra,user5649@gmail.com,female,WESTIND
5655,Ravi,user5655@gmail.com,female,WESTIND
5657,indra,user5657@gmail.com,female,WESTIND
5670,hari,user5670@gmail.com,female,WESTIND
5676,arjun,user5676@gmail.com,female,WESTIND
5678,hari,user5678@gmail.com,female,WESTIND
5680,lora,user5680@gmail.com,male,WESTIND
5687,jessy,user5687@gmail.com,female,WESTIND
5694,indra,user5694@gmail.com,male,WESTIND
5702,kali,user5702@gmail.com,male,WESTIND
5707,jack,user5707@gmail.com,male,WESTIND
5710,laila,user5710@gmail.com,male,WESTIND
5712,kali,user5712@gmail.com,male,WESTIND
5713,laila,user5713@gmail.com,male,WESTIND
5714,indra,user5714@gmail.com,female,WESTIND
5732,kali,user5732@gmail.com,male,WESTIND
5748,laila,user5748@gmail.com,male,WESTIND
5750,jack,user5750@gmail.com,female,WESTIND
5751,arjun,user5751@gmail.com,male,WESTIND
5757,jessy,user5757@gmail.com,male,WESTIND
5763,indra,user5763@gmail.com,male,WESTIND
5767,jack,user5767@gmail.com,male,WESTIND
5768,hari,user5768@gmail.com,female,WESTIND
5772,jessy,user5772@gmail.com,female,WESTIND
5777,laila,user5777@gmail.com,female,WESTIND
5792,indra,user5792@gmail.com,female,WESTIND
5796,meena,user5796@gmail.com,male,WESTIND
5797,Ravi,user5797@gmail.com,male,WESTIND
5798,Ravi,user5798@gmail.com,male,WESTIND
5802,hari,user5802@gmail.com,female,WESTIND
5810,hari,user5810@gmail.com,male,WESTIND
5816,laila,user5816@gmail.com,male,WESTIND
5818,arjun,user5818@gmail.com,male,WESTIND
5820,lora,user5820@gmail.com,female,WESTIND
5828,jessy,user5828@gmail.com,female,WESTIND
5833,indra,user5833@gmail.com,male,WESTIND
5835,laila,user5835@gmail.com,female,WESTIND
5849,laila,user5849@gmail.com,female,WESTIND
5855,jessy,user5855@gmail.com,male,WESTIND
5869,jessy,user5869@gmail.com,male,WESTIND
5870,arjun,user5870@gmail.com,male,WESTIND
5878,laila,user5878@gmail.com,male,WESTIND
5906,jack,user5906@gmail.com,female,WESTIND
5914,jessy,user5914@gmail.com,female,WESTIND
5918,jessy,user5918@gmail.com,female,WESTIND
5919,laila,user5919@gmail.com,female,WESTIND
5927,arjun,user5927@gmail.com,female,WESTIND
5933,arjun,user5933@gmail.com,male,WESTIND
5943,jessy,user5943@gmail.com,female,WESTIND
5973,jack,user5973@gmail.com,male,WESTIND
5975,meena,user5975@gmail.com,female,WESTIND
5978,Ravi,user5978@gmail.com,female,WESTIND
5979,meena,user5979@gmail.com,male,WESTIND
5980,kali,user5980@gmail.com,female,WESTIND
5983,hari,user5983@gmail.com,female,WESTIND
5989,arjun,user5989@gmail.com,male,WESTIND
5992,indra,user5992@gmail.com,male,WESTIND
5994,hari,user5994@gmail.com,female,WESTIND
6003,jack,user6003@gmail.com,female,WESTIND
6019,jack,user6019@gmail.com,male,WESTIND
6022,jessy,user6022@gmail.com,male,WESTIND
6023,lora,user6023@gmail.com,female,WESTIND
6024,Ravi,user6024@gmail.com,female,WESTIND
6033,arjun,user6033@gmail.com,male,WESTIND
6036,hari,user6036@gmail.com,female,WESTIND
6038,meena,user6038@gmail.com,male,WESTIND
6050,laila,user6050@gmail.com,female,WESTIND
6051,indra,user6051@gmail.com,male,WESTIND
6059,laila,user6059@gmail.com,male,WESTIND
6064,Ravi,user6064@gmail.com,male,WESTIND
6067,laila,user6067@gmail.com,male,WESTIND
6068,jack,user6068@gmail.com,female,WESTIND
6074,Ravi,user6074@gmail.com,male,WESTIND
6080,jack,user6080@gmail.com,female,WESTIND
6086,Ravi,user6086@gmail.com,female,WESTIND
6088,hari,user6088@gmail.com,male,WESTIND
6104,indra,user6104@gmail.com,female,WESTIND
6106,jessy,user6106@gmail.com,male,WESTIND
6114,hari,user6114@gmail.com,female,WESTIND
6115,kali,user6115@gmail.com,female,WESTIND
6120,hari,user6120@gmail.com,female,WESTIND
6125,kali,user6125@gmail.com,male,WESTIND
6126,Ravi,user6126@gmail.com,female,WESTIND
6131,kali,user6131@gmail.com,female,WESTIND
6134,indra,user6134@gmail.com,female,WESTIND
6137,arjun,user6137@gmail.com,female,WESTIND
6139,hari,user6139@gmail.com,male,WESTIND
6148,hari,user6148@gmail.com,male,WESTIND
6151,arjun,user6151@gmail.com,female,WESTIND
6156,jack,user6156@gmail.com,male,WESTIND
6160,indra,user6160@gmail.com,female,WESTIND
6162,arjun,user6162@gmail.com,female,WESTIND
6165,hari,user6165@gmail.com,female,WESTIND
6167,jack,user6167@gmail.com,female,WESTIND
6169,meena,user6169@gmail.com,male,WESTIND
6170,jessy,user6170@gmail.com,male,WESTIND
6176,laila,user6176@gmail.com,female,WESTIND
6190,jack,user6190@gmail.com,male,WESTIND
6193,arjun,user6193@gmail.com,female,WESTIND
6198,jessy,user6198@gmail.com,male,WESTIND
6203,lora,user6203@gmail.com,female,WESTIND
6211,hari,user6211@gmail.com,male,WESTIND
6220,laila,user6220@gmail.com,female,WESTIND
6229,Ravi,user6229@gmail.com,female,WESTIND
6231,jessy,user6231@gmail.com,female,WESTIND
6234,meena,user6234@gmail.com,male,WESTIND
6242,hari,user6242@gmail.com,male,WESTIND
6244,jessy,user6244@gmail.com,male,WESTIND
6245,meena,user6245@gmail.com,female,WESTIND
6261,jessy,user6261@gmail.com,male,WESTIND
6264,meena,user6264@gmail.com,male,WESTIND
6267,kali,user6267@gmail.com,male,WESTIND
6270,laila,user6270@gmail.com,male,WESTIND
6272,jack,user6272@gmail.com,female,WESTIND
6273,jessy,user6273@gmail.com,female,WESTIND
6283,kali,user6283@gmail.com,female,WESTIND
6284,arjun,user6284@gmail.com,female,WESTIND
6287,jessy,user6287@gmail.com,male,WESTIND
6292,jack,user6292@gmail.com,female,WESTIND
6300,Ravi,user6300@gmail.com,female,WESTIND
6309,Ravi,user6309@gmail.com,male,WESTIND
6310,lora,user6310@gmail.com,female,WESTIND
6313,arjun,user6313@gmail.com,male,WESTIND
6317,Ravi,user6317@gmail.com,male,WESTIND
6326,indra,user6326@gmail.com,female,WESTIND
6335,lora,user6335@gmail.com,male,WESTIND
6340,meena,user6340@gmail.com,male,WESTIND
6347,laila,user6347@gmail.com,female,WESTIND
6348,arjun,user6348@gmail.com,male,WESTIND
6350,hari,user6350@gmail.com,female,WESTIND
6351,jack,user6351@gmail.com,male,WESTIND
6364,meena,user6364@gmail.com,male,WESTIND
6366,laila,user6366@gmail.com,male,WESTIND
6371,jack,user6371@gmail.com,male,WESTIND
6397,indra,user6397@gmail.com,male,WESTIND
6398,indra,user6398@gmail.com,female,WESTIND
6400,arjun,user6400@gmail.com,female,WESTIND
6408,lora,user6408@gmail.com,male,WESTIND
6410,kali,user6410@gmail.com,male,WESTIND
6422,jack,user6422@gmail.com,female,WESTIND
6425,jack,user6425@gmail.com,female,WESTIND
6429,indra,user6429@gmail.com,male,WESTIND
6433,hari,user6433@gmail.com,male,WESTIND
6462,jack,user6462@gmail.com,female,WESTIND
6465,meena,user6465@gmail.com,male,WESTIND
6472,kali,user6472@gmail.com,male,WESTIND
6474,lora,user6474@gmail.com,female,WESTIND
6478,kali,user6478@gmail.com,male,WESTIND
6483,Ravi,user6483@gmail.com,female,WESTIND
6491,lora,user6491@gmail.com,male,WESTIND
6500,jack,user6500@gmail.com,female,WESTIND
6503,lora,user6503@gmail.com,male,WESTIND
6509,jack,user6509@gmail.com,male,WESTIND
6510,jessy,user6510@gmail.com,female,WESTIND
6512,indra,user6512@gmail.com,male,WESTIND
6516,lora,user6516@gmail.com,female,WESTIND
6518,jack,user6518@gmail.com,female,WESTIND
6524,jessy,user6524@gmail.com,male,WESTIND
6525,indra,user6525@gmail.com,male,WESTIND
6538,indra,user6538@gmail.com,male,WESTIND
6542,jack,user6542@gmail.com,female,WESTIND
6544,jessy,user6544@gmail.com,male,WESTIND
6545,kali,user6545@gmail.com,female,WESTIND
6546,indra,user6546@gmail.com,male,WESTIND
6552,Ravi,user6552@gmail.com,female,WESTIND
6553,meena,user6553@gmail.com,male,WESTIND
6557,indra,user6557@gmail.com,male,WESTIND
6558,hari,user6558@gmail.com,female,WESTIND
6560,meena,user6560@gmail.com,female,WESTIND
6562,indra,user6562@gmail.com,male,WESTIND
6570,jack,user6570@gmail.com,male,WESTIND
6572,hari,user6572@gmail.com,male,WESTIND
6579,lora,user6579@gmail.com,male,WESTIND
6585,laila,user6585@gmail.com,male,WESTIND
6589,kali,user6589@gmail.com,female,WESTIND
6590,meena,user6590@gmail.com,male,WESTIND
6593,Ravi,user6593@gmail.com,male,WESTIND
6597,jessy,user6597@gmail.com,female,WESTIND
6605,jack,user6605@gmail.com,female,WESTIND
6606,kali,user6606@gmail.com,female,WESTIND
6611,laila,user6611@gmail.com,female,WESTIND
6614,hari,user6614@gmail.com,male,WESTIND
6616,lora,user6616@gmail.com,male,WESTIND
6617,kali,user6617@gmail.com,female,WESTIND
6622,lora,user6622@gmail.com,female,WESTIND
6627,kali,user6627@gmail.com,male,WESTIND
6639,kali,user6639@gmail.com,male,WESTIND
6640,arjun,user6640@gmail.com,female,WESTIND
6641,indra,user6641@gmail.com,female,WESTIND
6650,kali,user6650@gmail.com,male,WESTIND
6658,arjun,user6658@gmail.com,female,WESTIND
6664,jack,user6664@gmail.com,female,WESTIND
6666,indra,user6666@gmail.com,female,WESTIND
6669,jack,user6669@gmail.com,male,WESTIND
6671,laila,user6671@gmail.com,male,WESTIND
6678,jessy,user6678@gmail.com,female,WESTIND
6686,kali,user6686@gmail.com,male,WESTIND
6687,lora,user6687@gmail.com,male,WESTIND
6691,jessy,user6691@gmail.com,female,WESTIND
6692,meena,user6692@gmail.com,female,WESTIND
6696,arjun,user6696@gmail.com,male,WESTIND
6698,meena,user6698@gmail.com,male,WESTIND
6699,jack,user6699@gmail.com,female,WESTIND
6702,jack,user6702@gmail.com,male,WESTIND
6707,meena,user6707@gmail.com,female,WESTIND
6717,jack,user6717@gmail.com,female,WESTIND
6732,jessy,user6732@gmail.com,female,WESTIND
6761,meena,user6761@gmail.com,male,WESTIND
6765,Ravi,user6765@gmail.com,male,WESTIND
6769,indra,user6769@gmail.com,female,WESTIND
6777,arjun,user6777@gmail.com,female,WESTIND
6780,jack,user6780@gmail.com,male,WESTIND
6781,jessy,user6781@gmail.com,male,WESTIND
6782,hari,user6782@gmail.com,female,WESTIND
6783,kali,user6783@gmail.com,male,WESTIND
6786,jack,user6786@gmail.com,male,WESTIND
6788,Ravi,user6788@gmail.com,male,WESTIND
6800,laila,user6800@gmail.com,male,WESTIND
6803,Ravi,user6803@gmail.com,female,WESTIND
6809,hari,user6809@gmail.com,female,WESTIND
6816,jack,user6816@gmail.com,female,WESTIND
6819,meena,user6819@gmail.com,male,WESTIND
6823,jack,user6823@gmail.com,male,WESTIND
6831,meena,user6831@gmail.com,male,WESTIND
6833,kali,user6833@gmail.com,male,WESTIND
6835,Ravi,user6835@gmail.com,female,WESTIND
6836,lora,user6836@gmail.com,male,WESTIND
6843,lora,user6843@gmail.com,male,WESTIND
6850,jack,user6850@gmail.com,male,WESTIND
6853,laila,user6853@gmail.com,male,WESTIND
6861,indra,user6861@gmail.com,male,WESTIND
6873,jack,user6873@gmail.com,male,WESTIND
6881,arjun,user6881@gmail.com,female,WESTIND
6882,Ravi,user6882@gmail.com,female,WESTIND
6889,arjun,user6889@gmail.com,female,WESTIND
6894,jack,user6894@gmail.com,male,WESTIND
6910,indra,user6910@gmail.com,female,WESTIND
6915,hari,user6915@gmail.com,female,WESTIND
6920,indra,user6920@gmail.com,male,WESTIND
6924,jessy,user6924@gmail.com,male,WESTIND
6926,Ravi,user6926@gmail.com,female,WESTIND
6932,jack,user6932@gmail.com,female,WESTIND
6940,jessy,user6940@gmail.com,female,WESTIND
6948,Ravi,user6948@gmail.com,male,WESTIND
6954,jessy,user6954@gmail.com,male,WESTIND
6955,meena,user6955@gmail.com,male,WESTIND
6968,jack,user6968@gmail.com,male,WESTIND
6976,Ravi,user6976@gmail.com,male,WESTIND
6990,laila,user6990@gmail.com,male,WESTIND
7001,kali,user7001@gmail.com,female,WESTIND
7002,laila,user7002@gmail.com,female,WESTIND
7010,Ravi,user7010@gmail.com,male,WESTIND
7011,jessy,user7011@gmail.com,male,WESTIND
7013,laila,user7013@gmail.com,female,WESTIND
7016,laila,user7016@gmail.com,male,WESTIND
7018,kali,user7018@gmail.com,male,WESTIND
7021,arjun,user7021@gmail.com,female,WESTIND
7029,kali,user7029@gmail.com,male,WESTIND
7032,indra,user7032@gmail.com,male,WESTIND
7039,jessy,user7039@gmail.com,female,WESTIND
7047,jack,user7047@gmail.com,male,WESTIND
7054,arjun,user7054@gmail.com,female,WESTIND
7060,hari,user7060@gmail.com,female,WESTIND
7064,lora,user7064@gmail.com,female,WESTIND
7070,arjun,user7070@gmail.com,male,WESTIND
7071,jessy,user7071@gmail.com,female,WESTIND
7075,hari,user7075@gmail.com,male,WESTIND
7081,meena,user7081@gmail.com,female,WESTIND
7083,laila,user7083@gmail.com,male,WESTIND
7087,Ravi,user7087@gmail.com,female,WESTIND
7095,Ravi,user7095@gmail.com,male,WESTIND
7098,jessy,user7098@gmail.com,male,WESTIND
7101,arjun,user7101@gmail.com,female,WESTIND
7108,arjun,user7108@gmail.com,female,WESTIND
7112,meena,user7112@gmail.com,male,WESTIND
7115,hari,user7115@gmail.com,male,WESTIND
7126,Ravi,user7126@gmail.com,female,WESTIND
7127,kali,user7127@gmail.com,male,WESTIND
7129,jack,user7129@gmail.com,female,WESTIND
7131,Ravi,user7131@gmail.com,female,WESTIND
7134,jack,user7134@gmail.com,male,WESTIND
7136,hari,user7136@gmail.com,female,WESTIND
7138,kali,user7138@gmail.com,male,WESTIND
7159,hari,user7159@gmail.com,male,WESTIND
7160,jack,user7160@gmail.com,female,WESTIND
7166,meena,user7166@gmail.com,female,WESTIND
7180,laila,user7180@gmail.com,female,WESTIND
7185,meena,user7185@gmail.com,male,WESTIND
7187,Ravi,user7187@gmail.com,female,WESTIND
7188,jessy,user7188@gmail.com,female,WESTIND
7189,arjun,user7189@gmail.com,male,WESTIND
7197,arjun,user7197@gmail.com,male,WESTIND
7199,Ravi,user7199@gmail.com,female,WESTIND
7203,jessy,user7203@gmail.com,female,WESTIND
7208,jack,user7208@gmail.com,female,WESTIND
7209,jack,user7209@gmail.com,male,WESTIND
7210,meena,user7210@gmail.com,female,WESTIND
7214,Ravi,user7214@gmail.com,male,WESTIND
7215,jack,user7215@gmail.com,female,WESTIND
7217,kali,user7217@gmail.com,female,WESTIND
7226,indra,user7226@gmail.com,female,WESTIND
7235,hari,user7235@gmail.com,male,WESTIND
7244,arjun,user7244@gmail.com,male,WESTIND
7249,meena,user7249@gmail.com,male,WESTIND
7250,meena,user7250@gmail.com,female,WESTIND
7259,jessy,user7259@gmail.com,female,WESTIND
7262,kali,user7262@gmail.com,female,WESTIND
7264,indra,user7264@gmail.com,female,WESTIND
7275,meena,user7275@gmail.com,male,WESTIND
7282,hari,user7282@gmail.com,male,WESTIND
7288,jack,user7288@gmail.com,male,WESTIND
7289,jack,user7289@gmail.com,female,WESTIND
7295,meena,user7295@gmail.com,female,WESTIND
7301,laila,user7301@gmail.com,female,WESTIND
7302,jessy,user7302@gmail.com,female,WESTIND
7313,lora,user7313@gmail.com,male,WESTIND
7318,laila,user7318@gmail.com,male,WESTIND
7320,Ravi,user7320@gmail.com,female,WESTIND
7328,indra,user7328@gmail.com,female,WESTIND
7331,lora,user7331@gmail.com,female,WESTIND
7336,laila,user7336@gmail.com,female,WESTIND
7340,Ravi,user7340@gmail.com,male,WESTIND
7344,hari,user7344@gmail.com,female,WESTIND
7348,Ravi,user7348@gmail.com,female,WESTIND
7356,kali,user7356@gmail.com,male,WESTIND
7359,lora,user7359@gmail.com,male,WESTIND
7367,kali,user7367@gmail.com,female,WESTIND
7368,hari,user7368@gmail.com,female,WESTIND
7371,laila,user7371@gmail.com,male,WESTIND
7372,laila,user7372@gmail.com,male,WESTIND
7374,laila,user7374@gmail.com,male,WESTIND
7386,arjun,user7386@gmail.com,female,WESTIND
7417,kali,user7417@gmail.com,male,WESTIND
7420,arjun,user7420@gmail.com,female,WESTIND
7423,hari,user7423@gmail.com,male,WESTIND
7429,arjun,user7429@gmail.com,female,WESTIND
7445,jack,user7445@gmail.com,female,WESTIND
7448,Ravi,user7448@gmail.com,female,WESTIND
7451,jessy,user7451@gmail.com,male,WESTIND
7453,jack,user7453@gmail.com,female,WESTIND
7454,kali,user7454@gmail.com,female,WESTIND
7455,arjun,user7455@gmail.com,male,WESTIND
7464,Ravi,user7464@gmail.com,male,WESTIND
7467,kali,user7467@gmail.com,female,WESTIND
7472,Ravi,user7472@gmail.com,female,WESTIND
7474,indra,user7474@gmail.com,male,WESTIND
7475,lora,user7475@gmail.com,male,WESTIND
7486,arjun,user7486@gmail.com,male,WESTIND
7487,meena,user7487@gmail.com,male,WESTIND
7490,laila,user7490@gmail.com,female,WESTIND
7499,arjun,user7499@gmail.com,male,WESTIND
7503,Ravi,user7503@gmail.com,female,WESTIND
7509,Ravi,user7509@gmail.com,female,WESTIND
7510,laila,user7510@gmail.com,male,WESTIND
7522,jack,user7522@gmail.com,female,WESTIND
7526,meena,user7526@gmail.com,male,WESTIND
7527,arjun,user7527@gmail.com,male,WESTIND
7530,arjun,user7530@gmail.com,male,WESTIND
7535,jessy,user7535@gmail.com,female,WESTIND
7546,hari,user7546@gmail.com,female,WESTIND
7562,hari,user7562@gmail.com,female,WESTIND
7566,laila,user7566@gmail.com,female,WESTIND
7567,jack,user7567@gmail.com,female,WESTIND
7573,indra,user7573@gmail.com,male,WESTIND
7576,meena,user7576@gmail.com,female,WESTIND
7577,arjun,user7577@gmail.com,male,WESTIND
7580,hari,user7580@gmail.com,male,WESTIND
7582,indra,user7582@gmail.com,female,WESTIND
7586,jack,user7586@gmail.com,female,WESTIND
7589,lora,user7589@gmail.com,male,WESTIND
7596,lora,user7596@gmail.com,male,WESTIND
7607,Ravi,user7607@gmail.com,male,WESTIND
7610,indra,user7610@gmail.com,male,WESTIND
7614,jessy,user7614@gmail.com,male,WESTIND
7616,jack,user7616@gmail.com,female,WESTIND
7624,Ravi,user7624@gmail.com,male,WESTIND
7626,indra,user7626@gmail.com,male,WESTIND
7632,meena,user7632@gmail.com,male,WESTIND
7639,hari,user7639@gmail.com,female,WESTIND
7640,laila,user7640@gmail.com,male,WESTIND
7644,laila,user7644@gmail.com,female,WESTIND
7645,arjun,user7645@gmail.com,male,WESTIND
7650,lora,user7650@gmail.com,male,WESTIND
7663,laila,user7663@gmail.com,male,WESTIND
7670,meena,user7670@gmail.com,male,WESTIND
7671,kali,user7671@gmail.com,male,WESTIND
7684,meena,user7684@gmail.com,female,WESTIND
7685,laila,user7685@gmail.com,male,WESTIND
7692,jessy,user7692@gmail.com,male,WESTIND
7693,hari,user7693@gmail.com,male,WESTIND
7697,hari,user7697@gmail.com,female,WESTIND
7713,jessy,user7713@gmail.com,male,WESTIND
7721,Ravi,user7721@gmail.com,male,WESTIND
7729,jessy,user7729@gmail.com,female,WESTIND
7737,meena,user7737@gmail.com,male,WESTIND
7741,arjun,user7741@gmail.com,female,WESTIND
7742,indra,user7742@gmail.com,female,WESTIND
7771,Ravi,user7771@gmail.com,male,WESTIND
7780,indra,user7780@gmail.com,male,WESTIND
7784,jack,user7784@gmail.com,male,WESTIND
7786,arjun,user7786@gmail.com,female,WESTIND
7789,kali,user7789@gmail.com,male,WESTIND
7790,Ravi,user7790@gmail.com,female,WESTIND
7799,arjun,user7799@gmail.com,male,WESTIND
7800,laila,user7800@gmail.com,female,WESTIND
7805,meena,user7805@gmail.com,female,WESTIND
7807,meena,user7807@gmail.com,male,WESTIND
7816,Ravi,user7816@gmail.com,male,WESTIND
7817,lora,user7817@gmail.com,male,WESTIND
7821,indra,user7821@gmail.com,female,WESTIND
7823,laila,user7823@gmail.com,male,WESTIND
7824,indra,user7824@gmail.com,female,WESTIND
7832,meena,user7832@gmail.com,male,WESTIND
7836,arjun,user7836@gmail.com,female,WESTIND
7837,arjun,user7837@gmail.com,male,WESTIND
7841,laila,user7841@gmail.com,male,WESTIND
7844,lora,user7844@gmail.com,male,WESTIND
7846,jessy,user7846@gmail.com,female,WESTIND
7848,Ravi,user7848@gmail.com,female,WESTIND
7858,Ravi,user7858@gmail.com,male,WESTIND
7859,arjun,user7859@gmail.com,female,WESTIND
7860,arjun,user7860@gmail.com,male,WESTIND
7862,hari,user7862@gmail.com,female,WESTIND
7864,arjun,user7864@gmail.com,female,WESTIND
7874,kali,user7874@gmail.com,male,WESTIND
7881,arjun,user7881@gmail.com,male,WESTIND
7882,lora,user7882@gmail.com,female,WESTIND
7885,lora,user7885@gmail.com,male,WESTIND
7889,indra,user7889@gmail.com,female,WESTIND
7894,hari,user7894@gmail.com,female,WESTIND
7898,lora,user7898@gmail.com,male,WESTIND
7907,jack,user7907@gmail.com,female,WESTIND
7908,hari,user7908@gmail.com,female,WESTIND
7915,Ravi,user7915@gmail.com,female,WESTIND
7923,arjun,user7923@gmail.com,female,WESTIND
7925,jessy,user7925@gmail.com,male,WESTIND
7926,indra,user7926@gmail.com,male,WESTIND
7931,jack,user7931@gmail.com,female,WESTIND
7934,kali,user7934@gmail.com,male,WESTIND
7939,Ravi,user7939@gmail.com,male,WESTIND
7954,kali,user7954@gmail.com,male,WESTIND
7962,arjun,user7962@gmail.com,female,WESTIND
7963,jessy,user7963@gmail.com,female,WESTIND
7966,arjun,user7966@gmail.com,female,WESTIND
7967,lora,user7967@gmail.com,female,WESTIND
7968,meena,user7968@gmail.com,male,WESTIND
7969,jessy,user7969@gmail.com,male,WESTIND
7970,indra,user7970@gmail.com,female,WESTIND
7973,jack,user7973@gmail.com,male,WESTIND
7978,arjun,user7978@gmail.com,male,WESTIND
7979,hari,user7979@gmail.com,male,WESTIND
7980,jack,user7980@gmail.com,male,WESTIND
7984,Ravi,user7984@gmail.com,female,WESTIND
7987,Ravi,user7987@gmail.com,male,WESTIND
7995,kali,user7995@gmail.com,male,WESTIND
8002,lora,user8002@gmail.com,female,WESTIND
8006,kali,user8006@gmail.com,male,WESTIND
8012,arjun,user8012@gmail.com,male,WESTIND
8018,kali,user8018@gmail.com,male,WESTIND
8019,hari,user8019@gmail.com,male,WESTIND
8020,jessy,user8020@gmail.com,male,WESTIND
8029,laila,user8029@gmail.com,male,WESTIND
8034,hari,user8034@gmail.com,male,WESTIND
8040,arjun,user8040@gmail.com,female,WESTIND
8043,hari,user8043@gmail.com,female,WESTIND
8053,lora,user8053@gmail.com,female,WESTIND
8057,lora,user8057@gmail.com,female,WESTIND
8059,meena,user8059@gmail.com,male,WESTIND
8063,Ravi,user8063@gmail.com,female,WESTIND
8064,arjun,user8064@gmail.com,male,WESTIND
8068,laila,user8068@gmail.com,male,WESTIND
8076,indra,user8076@gmail.com,female,WESTIND
8079,indra,user8079@gmail.com,female,WESTIND
8088,laila,user8088@gmail.com,male,WESTIND
8090,arjun,user8090@gmail.com,female,WESTIND
8091,meena,user8091@gmail.com,female,WESTIND
8092,hari,user8092@gmail.com,male,WESTIND
8096,meena,user8096@gmail.com,male,WESTIND
8098,arjun,user8098@gmail.com,male,WESTIND
8100,Ravi,user8100@gmail.com,female,WESTIND
8106,meena,user8106@gmail.com,male,WESTIND
8107,meena,user8107@gmail.com,female,WESTIND
8123,lora,user8123@gmail.com,female,WESTIND
8129,jack,user8129@gmail.com,male,WESTIND
8135,Ravi,user8135@gmail.com,male,WESTIND
8136,kali,user8136@gmail.com,female,WESTIND
8145,jessy,user8145@gmail.com,male,WESTIND
8148,hari,user8148@gmail.com,male,WESTIND
8152,indra,user8152@gmail.com,female,WESTIND
8154,indra,user8154@gmail.com,male,WESTIND
8156,meena,user8156@gmail.com,male,WESTIND
8167,Ravi,user8167@gmail.com,female,WESTIND
8171,indra,user8171@gmail.com,male,WESTIND
8176,arjun,user8176@gmail.com,female,WESTIND
8183,hari,user8183@gmail.com,male,WESTIND
8185,jessy,user8185@gmail.com,female,WESTIND
8198,hari,user8198@gmail.com,female,WESTIND
8207,lora,user8207@gmail.com,male,WESTIND
8214,kali,user8214@gmail.com,female,WESTIND
8215,indra,user8215@gmail.com,female,WESTIND
8229,kali,user8229@gmail.com,male,WESTIND
8236,lora,user8236@gmail.com,female,WESTIND
8248,lora,user8248@gmail.com,male,WESTIND
8251,hari,user8251@gmail.com,female,WESTIND
8257,kali,user8257@gmail.com,male,WESTIND
8272,laila,user8272@gmail.com,female,WESTIND
8274,jessy,user8274@gmail.com,female,WESTIND
8276,laila,user8276@gmail.com,male,WESTIND
8280,laila,user8280@gmail.com,male,WESTIND
8292,jack,user8292@gmail.com,female,WESTIND
8294,hari,user8294@gmail.com,female,WESTIND
8302,kali,user8302@gmail.com,male,WESTIND
8304,Ravi,user8304@gmail.com,male,WESTIND
8307,jessy,user8307@gmail.com,female,WESTIND
8308,meena,user8308@gmail.com,male,WESTIND
8309,kali,user8309@gmail.com,female,WESTIND
8323,arjun,user8323@gmail.com,female,WESTIND
8324,kali,user8324@gmail.com,male,WESTIND
8328,Ravi,user8328@gmail.com,male,WESTIND
8330,jessy,user8330@gmail.com,male,WESTIND
8339,hari,user8339@gmail.com,male,WESTIND
8343,arjun,user8343@gmail.com,male,WESTIND
8346,laila,user8346@gmail.com,female,WESTIND
8347,jack,user8347@gmail.com,female,WESTIND
8351,hari,user8351@gmail.com,male,WESTIND
8354,jack,user8354@gmail.com,female,WESTIND
8355,lora,user8355@gmail.com,female,WESTIND
8360,hari,user8360@gmail.com,female,WESTIND
8362,indra,user8362@gmail.com,female,WESTIND
8363,meena,user8363@gmail.com,male,WESTIND
8365,indra,user8365@gmail.com,male,WESTIND
8368,jessy,user8368@gmail.com,male,WESTIND
8373,jack,user8373@gmail.com,male,WESTIND
8377,lora,user8377@gmail.com,male,WESTIND
8378,arjun,user8378@gmail.com,male,WESTIND
8380,Ravi,user8380@gmail.com,female,WESTIND
8383,meena,user8383@gmail.com,male,WESTIND
8388,jack,user8388@gmail.com,male,WESTIND
8390,jack,user8390@gmail.com,female,WESTIND
8393,indra,user8393@gmail.com,female,WESTIND
8394,hari,user8394@gmail.com,male,WESTIND
8397,meena,user8397@gmail.com,female,WESTIND
8400,meena,user8400@gmail.com,female,WESTIND
8403,hari,user8403@gmail.com,male,WESTIND
8407,arjun,user8407@gmail.com,female,WESTIND
8408,kali,user8408@gmail.com,male,WESTIND
8410,kali,user8410@gmail.com,male,WESTIND
8413,Ravi,user8413@gmail.com,male,WESTIND
8415,jessy,user8415@gmail.com,male,WESTIND
8425,laila,user8425@gmail.com,male,WESTIND
8426,indra,user8426@gmail.com,female,WESTIND
8432,Ravi,user8432@gmail.com,female,WESTIND
8438,arjun,user8438@gmail.com,female,WESTIND
8441,jessy,user8441@gmail.com,male,WESTIND
8442,laila,user8442@gmail.com,male,WESTIND
8445,laila,user8445@gmail.com,female,WESTIND
8446,hari,user8446@gmail.com,female,WESTIND
8447,laila,user8447@gmail.com,female,WESTIND
8448,arjun,user8448@gmail.com,male,WESTIND
8453,arjun,user8453@gmail.com,male,WESTIND
8457,jessy,user8457@gmail.com,female,WESTIND
8458,meena,user8458@gmail.com,male,WESTIND
8464,jessy,user8464@gmail.com,male,WESTIND
8471,hari,user8471@gmail.com,male,WESTIND
8482,arjun,user8482@gmail.com,female,WESTIND
8491,indra,user8491@gmail.com,female,WESTIND
8497,indra,user8497@gmail.com,male,WESTIND
8499,laila,user8499@gmail.com,female,WESTIND
8500,hari,user8500@gmail.com,male,WESTIND
8502,arjun,user8502@gmail.com,male,WESTIND
8505,hari,user8505@gmail.com,female,WESTIND
8511,jack,user8511@gmail.com,male,WESTIND
8514,kali,user8514@gmail.com,female,WESTIND
8518,lora,user8518@gmail.com,male,WESTIND
8520,jessy,user8520@gmail.com,female,WESTIND
8537,laila,user8537@gmail.com,male,WESTIND
8552,jessy,user8552@gmail.com,female,WESTIND
8554,arjun,user8554@gmail.com,female,WESTIND
8559,jack,user8559@gmail.com,female,WESTIND
8560,jack,user8560@gmail.com,male,WESTIND
8567,jack,user8567@gmail.com,female,WESTIND
8569,lora,user8569@gmail.com,female,WESTIND
8575,kali,user8575@gmail.com,female,WESTIND
8578,jack,user8578@gmail.com,male,WESTIND
8582,lora,user8582@gmail.com,female,WESTIND
8583,laila,user8583@gmail.com,male,WESTIND
8585,Ravi,user8585@gmail.com,female,WESTIND
8586,hari,user8586@gmail.com,male,WESTIND
8589,kali,user8589@gmail.com,female,WESTIND
8591,Ravi,user8591@gmail.com,male,WESTIND
8595,kali,user8595@gmail.com,female,WESTIND
8608,meena,user8608@gmail.com,male,WESTIND
8614,jack,user8614@gmail.com,female,WESTIND
8617,arjun,user8617@gmail.com,female,WESTIND
8624,kali,user8624@gmail.com,male,WESTIND
8628,lora,user8628@gmail.com,female,WESTIND
8631,Ravi,user8631@gmail.com,female,WESTIND
8633,meena,user8633@gmail.com,male,WESTIND
8645,kali,user8645@gmail.com,female,WESTIND
8648,lora,user8648@gmail.com,male,WESTIND
8659,kali,user8659@gmail.com,female,WESTIND
8664,meena,user8664@gmail.com,female,WESTIND
8668,hari,user8668@gmail.com,female,WESTIND
8669,kali,user8669@gmail.com,female,WESTIND
8674,lora,user8674@gmail.com,male,WESTIND
8675,jessy,user8675@gmail.com,male,WESTIND
8682,hari,user8682@gmail.com,female,WESTIND
8688,lora,user8688@gmail.com,female,WESTIND
8689,laila,user8689@gmail.com,male,WESTIND
8697,indra,user8697@gmail.com,male,WESTIND
8700,Ravi,user8700@gmail.com,female,WESTIND
8701,arjun,user8701@gmail.com,male,WESTIND
8703,jessy,user8703@gmail.com,female,WESTIND
8707,arjun,user8707@gmail.com,female,WESTIND
8714,hari,user8714@gmail.com,male,WESTIND
8720,arjun,user8720@gmail.com,male,WESTIND
8722,Ravi,user8722@gmail.com,female,WESTIND
8735,meena,user8735@gmail.com,female,WESTIND
8739,arjun,user8739@gmail.com,female,WESTIND
8744,laila,user8744@gmail.com,male,WESTIND
8748,lora,user8748@gmail.com,male,WESTIND
8756,jack,user8756@gmail.com,female,WESTIND
8758,hari,user8758@gmail.com,female,WESTIND
8765,arjun,user8765@gmail.com,male,WESTIND
8774,jack,user8774@gmail.com,male,WESTIND
8782,indra,user8782@gmail.com,female,WESTIND
8785,jessy,user8785@gmail.com,male,WESTIND
8787,kali,user8787@gmail.com,female,WESTIND
8790,hari,user8790@gmail.com,female,WESTIND
8792,indra,user8792@gmail.com,male,WESTIND
8796,hari,user8796@gmail.com,female,WESTIND
8799,Ravi,user8799@gmail.com,male,WESTIND
8801,lora,user8801@gmail.com,female,WESTIND
8805,jessy,user8805@gmail.com,male,WESTIND
8807,kali,user8807@gmail.com,female,WESTIND
8809,jack,user8809@gmail.com,female,WESTIND
8831,Ravi,user8831@gmail.com,female,WESTIND
8832,jack,user8832@gmail.com,male,WESTIND
8844,lora,user8844@gmail.com,male,WESTIND
8849,arjun,user8849@gmail.com,female,WESTIND
8854,kali,user8854@gmail.com,female,WESTIND
8859,kali,user8859@gmail.com,male,WESTIND
8862,jack,user8862@gmail.com,male,WESTIND
8867,jessy,user8867@gmail.com,male,WESTIND
8871,jessy,user8871@gmail.com,female,WESTIND
8874,indra,user8874@gmail.com,female,WESTIND
8877,hari,user8877@gmail.com,male,WESTIND
8878,laila,user8878@gmail.com,female,WESTIND
8880,laila,user8880@gmail.com,male,WESTIND
8881,meena,user8881@gmail.com,male,WESTIND
8883,indra,user8883@gmail.com,male,WESTIND
8888,lora,user8888@gmail.com,female,WESTIND
8889,laila,user8889@gmail.com,male,WESTIND
8891,arjun,user8891@gmail.com,male,WESTIND
8898,jack,user8898@gmail.com,female,WESTIND
8899,hari,user8899@gmail.com,male,WESTIND
8901,jessy,user8901@gmail.com,male,WESTIND
8905,lora,user8905@gmail.com,female,WESTIND
8915,hari,user8915@gmail.com,female,WESTIND
8925,kali,user8925@gmail.com,female,WESTIND
8928,meena,user8928@gmail.com,male,WESTIND
8936,kali,user8936@gmail.com,male,WESTIND
8938,kali,user8938@gmail.com,male,WESTIND
8947,lora,user8947@gmail.com,male,WESTIND
8949,jessy,user8949@gmail.com,male,WESTIND
8960,indra,user8960@gmail.com,female,WESTIND
8962,hari,user8962@gmail.com,male,WESTIND
8969,Ravi,user8969@gmail.com,female,WESTIND
8971,jessy,user8971@gmail.com,male,WESTIND
8973,lora,user8973@gmail.com,male,WESTIND
8978,hari,user8978@gmail.com,male,WESTIND
8986,indra,user8986@gmail.com,male,WESTIND
8987,Ravi,user8987@gmail.com,female,WESTIND
8990,Ravi,user8990@gmail.com,male,WESTIND
8992,Ravi,user8992@gmail.com,male,WESTIND
8996,meena,user8996@gmail.com,female,WESTIND
8997,arjun,user8997@gmail.com,female,WESTIND
9005,jessy,user9005@gmail.com,female,WESTIND
9015,indra,user9015@gmail.com,female,WESTIND
9021,hari,user9021@gmail.com,female,WESTIND
9022,arjun,user9022@gmail.com,female,WESTIND
9025,lora,user9025@gmail.com,female,WESTIND
9029,Ravi,user9029@gmail.com,female,WESTIND
9045,lora,user9045@gmail.com,female,WESTIND
9046,indra,user9046@gmail.com,female,WESTIND
9053,hari,user9053@gmail.com,female,WESTIND
9065,Ravi,user9065@gmail.com,female,WESTIND
9079,indra,user9079@gmail.com,male,WESTIND
9090,kali,user9090@gmail.com,male,WESTIND
9093,kali,user9093@gmail.com,male,WESTIND
9097,laila,user9097@gmail.com,female,WESTIND
9103,lora,user9103@gmail.com,female,WESTIND
9112,lora,user9112@gmail.com,female,WESTIND
9116,meena,user9116@gmail.com,male,WESTIND
9118,kali,user9118@gmail.com,male,WESTIND
9120,Ravi,user9120@gmail.com,female,WESTIND
9136,laila,user9136@gmail.com,male,WESTIND
9146,jack,user9146@gmail.com,male,WESTIND
9148,laila,user9148@gmail.com,female,WESTIND
9150,arjun,user9150@gmail.com,female,WESTIND
9159,jack,user9159@gmail.com,male,WESTIND
9161,indra,user9161@gmail.com,female,WESTIND
9166,kali,user9166@gmail.com,female,WESTIND
9173,kali,user9173@gmail.com,male,WESTIND
9178,meena,user9178@gmail.com,female,WESTIND
9184,indra,user9184@gmail.com,female,WESTIND
9186,kali,user9186@gmail.com,female,WESTIND
9189,kali,user9189@gmail.com,male,WESTIND
9190,Ravi,user9190@gmail.com,male,WESTIND
9196,jack,user9196@gmail.com,female,WESTIND
9202,lora,user9202@gmail.com,male,WESTIND
9204,arjun,user9204@gmail.com,female,WESTIND
9217,jack,user9217@gmail.com,female,WESTIND
9218,hari,user9218@gmail.com,male,WESTIND
9232,Ravi,user9232@gmail.com,female,WESTIND
9236,jessy,user9236@gmail.com,male,WESTIND
9243,Ravi,user9243@gmail.com,female,WESTIND
9251,lora,user9251@gmail.com,female,WESTIND
9253,hari,user9253@gmail.com,male,WESTIND
9256,laila,user9256@gmail.com,male,WESTIND
9260,meena,user9260@gmail.com,female,WESTIND
9269,laila,user9269@gmail.com,male,WESTIND
9271,hari,user9271@gmail.com,male,WESTIND
9284,hari,user9284@gmail.com,female,WESTIND
9288,indra,user9288@gmail.com,male,WESTIND
9297,jack,user9297@gmail.com,female,WESTIND
9302,Ravi,user9302@gmail.com,female,WESTIND
9305,indra,user9305@gmail.com,female,WESTIND
9315,kali,user9315@gmail.com,male,WESTIND
9316,jack,user9316@gmail.com,male,WESTIND
9319,kali,user9319@gmail.com,male,WESTIND
9330,kali,user9330@gmail.com,female,WESTIND
9337,Ravi,user9337@gmail.com,female,WESTIND
9345,arjun,user9345@gmail.com,female,WESTIND
9350,lora,user9350@gmail.com,male,WESTIND
9352,arjun,user9352@gmail.com,female,WESTIND
9361,kali,user9361@gmail.com,male,WESTIND
9372,arjun,user9372@gmail.com,female,WESTIND
9373,kali,user9373@gmail.com,male,WESTIND
9375,jessy,user9375@gmail.com,female,WESTIND
9380,kali,user9380@gmail.com,female,WESTIND
9386,kali,user9386@gmail.com,female,WESTIND
9389,kali,user9389@gmail.com,female,WESTIND
9390,arjun,user9390@gmail.com,male,WESTIND
9392,meena,user9392@gmail.com,female,WESTIND
9393,meena,user9393@gmail.com,male,WESTIND
9395,hari,user9395@gmail.com,male,WESTIND
9400,kali,user9400@gmail.com,female,WESTIND
9403,jessy,user9403@gmail.com,female,WESTIND
9404,hari,user9404@gmail.com,female,WESTIND
9405,Ravi,user9405@gmail.com,female,WESTIND
9432,laila,user9432@gmail.com,male,WESTIND
9433,arjun,user9433@gmail.com,female,WESTIND
9438,indra,user9438@gmail.com,female,WESTIND
9441,arjun,user9441@gmail.com,female,WESTIND
9444,arjun,user9444@gmail.com,female,WESTIND
9449,indra,user9449@gmail.com,male,WESTIND
9453,jack,user9453@gmail.com,male,WESTIND
9454,hari,user9454@gmail.com,male,WESTIND
9455,arjun,user9455@gmail.com,male,WESTIND
9462,lora,user9462@gmail.com,female,WESTIND
9474,kali,user9474@gmail.com,male,WESTIND
9475,kali,user9475@gmail.com,female,WESTIND
9496,jack,user9496@gmail.com,female,WESTIND
9497,jack,user9497@gmail.com,female,WESTIND
9499,lora,user9499@gmail.com,male,WESTIND
9511,meena,user9511@gmail.com,male,WESTIND
9519,lora,user9519@gmail.com,female,WESTIND
9523,kali,user9523@gmail.com,male,WESTIND
9528,indra,user9528@gmail.com,male,WESTIND
9531,lora,user9531@gmail.com,female,WESTIND
9532,lora,user9532@gmail.com,male,WESTIND
9537,jack,user9537@gmail.com,male,WESTIND
9538,arjun,user9538@gmail.com,female,WESTIND
9542,laila,user9542@gmail.com,male,WESTIND
9548,kali,user9548@gmail.com,male,WESTIND
9550,kali,user9550@gmail.com,female,WESTIND
9572,jessy,user9572@gmail.com,male,WESTIND
9579,kali,user9579@gmail.com,male,WESTIND
9589,meena,user9589@gmail.com,female,WESTIND
9593,indra,user9593@gmail.com,female,WESTIND
9597,arjun,user9597@gmail.com,female,WESTIND
9601,arjun,user9601@gmail.com,female,WESTIND
9609,indra,user9609@gmail.com,female,WESTIND
9612,arjun,user9612@gmail.com,male,WESTIND
9614,laila,user9614@gmail.com,male,WESTIND
9630,meena,user9630@gmail.com,female,WESTIND
9632,hari,user9632@gmail.com,female,WESTIND
9636,jessy,user9636@gmail.com,male,WESTIND
9640,meena,user9640@gmail.com,male,WESTIND
9643,lora,user9643@gmail.com,male,WESTIND
9645,arjun,user9645@gmail.com,male,WESTIND
9649,kali,user9649@gmail.com,male,WESTIND
9650,laila,user9650@gmail.com,female,WESTIND
9653,indra,user9653@gmail.com,male,WESTIND
9658,Ravi,user9658@gmail.com,female,WESTIND
9659,laila,user9659@gmail.com,male,WESTIND
9661,jessy,user9661@gmail.com,female,WESTIND
9667,meena,user9667@gmail.com,female,WESTIND
9668,arjun,user9668@gmail.com,male,WESTIND
9671,kali,user9671@gmail.com,female,WESTIND
9676,hari,user9676@gmail.com,female,WESTIND
9678,kali,user9678@gmail.com,female,WESTIND
9681,lora,user9681@gmail.com,female,WESTIND
9683,lora,user9683@gmail.com,male,WESTIND
9693,jessy,user9693@gmail.com,female,WESTIND
9697,kali,user9697@gmail.com,female,WESTIND
9699,kali,user9699@gmail.com,male,WESTIND
9705,indra,user9705@gmail.com,male,WESTIND
9709,hari,user9709@gmail.com,male,WESTIND
9713,Ravi,user9713@gmail.com,male,WESTIND
9714,jessy,user9714@gmail.com,male,WESTIND
9723,indra,user9723@gmail.com,male,WESTIND
9726,arjun,user9726@gmail.com,male,WESTIND
9730,laila,user9730@gmail.com,male,WESTIND
9735,hari,user9735@gmail.com,female,WESTIND
9749,Ravi,user9749@gmail.com,male,WESTIND
9761,kali,user9761@gmail.com,male,WESTIND
9763,kali,user9763@gmail.com,female,WESTIND
9765,kali,user9765@gmail.com,male,WESTIND
9767,indra,user9767@gmail.com,female,WESTIND
9771,hari,user9771@gmail.com,male,WESTIND
9772,meena,user9772@gmail.com,male,WESTIND
9776,laila,user9776@gmail.com,female,WESTIND
9778,laila,user9778@gmail.com,female,WESTIND
9790,kali,user9790@gmail.com,male,WESTIND
9793,lora,user9793@gmail.com,female,WESTIND
9799,kali,user9799@gmail.com,male,WESTIND
9804,kali,user9804@gmail.com,female,WESTIND
9809,jessy,user9809@gmail.com,female,WESTIND
9811,meena,user9811@gmail.com,female,WESTIND
9826,laila,user9826@gmail.com,female,WESTIND
9827,laila,user9827@gmail.com,female,WESTIND
9836,jack,user9836@gmail.com,female,WESTIND
9848,indra,user9848@gmail.com,female,WESTIND
9851,arjun,user9851@gmail.com,male,WESTIND
9852,Ravi,user9852@gmail.com,male,WESTIND
9854,arjun,user9854@gmail.com,female,WESTIND
9860,laila,user9860@gmail.com,female,WESTIND
9861,indra,user9861@gmail.com,female,WESTIND
9864,kali,user9864@gmail.com,male,WESTIND
9867,kali,user9867@gmail.com,female,WESTIND
9880,hari,user9880@gmail.com,female,WESTIND
9881,laila,user9881@gmail.com,male,WESTIND
9882,lora,user9882@gmail.com,female,WESTIND
9886,jack,user9886@gmail.com,female,WESTIND
9888,jessy,user9888@gmail.com,female,WESTIND
9890,meena,user9890@gmail.com,male,WESTIND
9894,hari,user9894@gmail.com,female,WESTIND
9895,jessy,user9895@gmail.com,male,WESTIND
9908,kali,user9908@gmail.com,male,WESTIND
9933,Ravi,user9933@gmail.com,female,WESTIND
9939,arjun,user9939@gmail.com,male,WESTIND
9940,lora,user9940@gmail.com,female,WESTIND
9950,jessy,user9950@gmail.com,male,WESTIND
9955,hari,user9955@gmail.com,male,WESTIND
9957,jessy,user9957@gmail.com,male,WESTIND
9969,lora,user9969@gmail.com,male,WESTIND
9977,jack,user9977@gmail.com,male,WESTIND
9981,lora,user9981@gmail.com,male,WESTIND
